date,unrate_nat_sa,lf_nat,lf_for,unrate_for,overall_unrate,openings_rate,quits_rate,hires_rate,layoffs_rate,overall_fixedcomp,pred_naive,pred_jolts,gap_naive,gap_jolts
2007-01-01,0.0471305798425098,128430,23494,0.04843789903805227,0.046,0.033,0.021,0.039,0.013999999999999999,0.04738075721482335,0.04678656523785654,0.057381353974276565,3.440146046532547e-4,-0.010250774131766768
2007-02-01,0.0466274665051014,128159,23720,0.04810286677908938,0.045,0.033,0.021,0.038,0.013000000000000001,0.04690980900027439,0.04579688253797856,0.057381353974276565,8.30583967122836e-4,-0.010753887469175168
2007-03-01,0.0456772927598591,128484,23751,0.040671971706454466,0.044000000000000004,0.035,0.022000000000000002,0.04,0.013999999999999999,0.04471944094142324,0.044806600389518995,0.05386199751876687,8.706923703401051e-4,-0.008184704758907771
2007-04-01,0.0459680348186454,128058,23772,0.0411829042571092,0.045,0.033,0.021,0.039,0.015,0.04505232013003361,0.04579688253797856,0.057381353974276565,1.711522806668378e-4,-0.011413319155631166
2007-05-01,0.0444448352779891,128400,23949,0.0407950227566913,0.044000000000000004,0.033,0.022000000000000002,0.04,0.013999999999999999,0.043746382666623215,0.044806600389518995,0.057381353974276565,-3.6176511152989643e-4,-0.012936518696287466
2007-06-01,0.0467124922740841,130270,23982,0.03882078225335668,0.046,0.034,0.021,0.038,0.013000000000000001,0.04520228169752566,0.04678656523785654,0.05556796268708837,-7.407296377244521e-5,-0.008855470413004274
2007-07-01,0.0475176846049898,130568,24303,0.040776858824013495,0.047,0.032,0.021,0.038,0.013999999999999999,0.04622771495805264,0.047775661873866206,0.059312508658405365,-2.5797726887640676e-4,-0.011794824053415566
2007-08-01,0.0466301837994825,129222,24272,0.03971654581410679,0.046,0.032,0.022000000000000002,0.039,0.015,0.04530714364968134,0.04678656523785654,0.059312508658405365,-1.563814383740425e-4,-0.012682324858922865
2007-09-01,0.0474008962886825,129099,24301,0.04205588247397227,0.047,0.033,0.019,0.039,0.016,0.046378038584379486,0.047775661873866206,0.057381353974276565,-3.747655851837062e-4,-0.009980457685594066
2007-10-01,0.0469588887148465,129251,24265,0.04150010302905419,0.047,0.032,0.021,0.039,0.013999999999999999,0.045914258861975976,0.047775661873866206,0.059312508658405365,-8.167731590197069e-4,-0.012353619943558866
2007-11-01,0.0475175476111545,129851,24184,0.04465762487595104,0.047,0.033,0.02,0.037000000000000005,0.013999999999999999,0.046970253608777296,0.047775661873866206,0.057381353974276565,-2.5811426271170335e-4,-0.009863806363122063
2007-12-01,0.0498735852314666,129769,23936,0.04708389037433155,0.05,0.032,0.02,0.037000000000000005,0.013999999999999999,0.049339730507008836,0.050739560801971145,0.059312508658405365,-8.659755705045444e-4,-0.009438923426938764
2008-01-01,0.049844942389644,128947,23881,0.05514844437000126,0.05,0.032,0.021,0.037000000000000005,0.013999999999999999,0.050859856110814394,0.050739560801971145,0.059312508658405365,-8.946184123271445e-4,-0.009467566268761364
2008-02-01,0.0491411953729934,128667,23836,0.055965766068132236,0.049,0.03,0.021,0.037000000000000005,0.013999999999999999,0.050447191008565345,0.049752147643106905,0.06357649133340258,-6.109522701135059e-4,-0.014435295960409184
2008-03-01,0.0499828228733598,129410,23725,0.06183350895679663,0.051,0.03,0.019,0.036000000000000004,0.013999999999999999,0.05225064967080597,0.051726436012373644,0.06357649133340258,-0.001743613139013847,-0.013593668460042785
2008-04-01,0.0503554813163454,129309,23899,0.047575212351981255,0.05,0.027999999999999997,0.021,0.036000000000000004,0.013999999999999999,0.0498234303939684,0.050739560801971145,0.06847432262415355,-3.8407948562574346e-4,-0.01811884130780815
2008-05-01,0.0541698942341069,130240,23763,0.05251862138618861,0.054000000000000006,0.03,0.019,0.034,0.013999999999999999,0.053853895583223864,0.05468394020433471,0.06357649133340258,-5.140459702278125e-4,-0.009406597099295685
2008-06-01,0.0552087996457575,131205,24377,0.05570824957952168,0.055999999999999994,0.027000000000000003,0.019,0.036000000000000004,0.016,0.05530437773598775,0.05665310773666435,0.07120615013378268,-0.0014443080909068498,-0.015997350488025176
2008-07-01,0.0580759343364479,131686,24615,0.05492585821653463,0.057999999999999996,0.027000000000000003,0.018000000000000002,0.034,0.015,0.05747311463567807,0.058620359656455893,0.07120615013378268,-5.444253200079935e-4,-0.013130215797334775
2008-08-01,0.0601248901287082,131026,24362,0.060421968639684756,0.061,0.026000000000000002,0.018000000000000002,0.034,0.016,0.06018174106572523,0.061567792919854765,0.07415638303584049,-0.0014429027911465678,-0.014031492907132292
2008-09-01,0.062270915996829,130110,24399,0.05541210705356777,0.061,0.023,0.018000000000000002,0.033,0.015,0.060958368300385396,0.061567792919854765,0.08461050558990191,7.031230769742325e-4,-0.02233958959307291
2008-10-01,0.0646818361064416,130916,24096,0.05897244355909695,0.065,0.024,0.017,0.033,0.017,0.06358924844317504,0.06549159534586531,0.08082428018675492,-8.097592394237102e-4,-0.016142444080313317
2008-11-01,0.0683425391007471,130780,23844,0.06546720348934743,0.068,0.023,0.016,0.03,0.017,0.06779229558697306,0.06843010837289712,0.08461050558990191,-8.756927215002042e-5,-0.01626796648915481
2008-12-01,0.0732027754322078,130392,23957,0.075885962349209,0.073,0.023,0.015,0.032,0.018000000000000002,0.0737162480826594,0.07331985919758523,0.08461050558990191,-1.1708376537743204e-4,-0.011407730157694113
2009-01-01,0.0779284862266279,129904,23541,0.09200968523002422,0.078,0.02,0.015,0.031,0.019,0.08062315894137535,0.07820048626257134,0.09833688533467938,-2.7200003594343714e-4,-0.020408399108051478
2009-02-01,0.0826473183653837,130414,23390,0.10320649850363403,0.083,0.021,0.015,0.03,0.019,0.08658166101211134,0.08307259068677497,0.09330894886349643,-4.2527232139126514e-4,-0.010661630498112723
2009-03-01,0.0879726615473446,130198,23529,0.095881677929363765,0.087,0.019,0.013999999999999999,0.028999999999999998,0.019,0.08948618398531151,0.0869644946207022,0.10391517653927176,0.0010081669266423926,-0.01594251499192717
2009-04-01,0.0910681974206734,130052,23782,0.08544277184425196,0.09,0.017,0.013000000000000001,0.028999999999999998,0.02,0.08999167824031318,0.0898802116230676,0.1171223880869873,0.0011879857976058034,-0.026054190666313898
2009-05-01,0.0932173109836429,130699,23638,0.0909129367966833,0.094,0.019,0.013000000000000001,0.028999999999999998,0.017,0.09277633047873912,0.09376373153989699,0.10391517653927176,-5.464205562540903e-4,-0.010697865555628863
2009-06-01,0.0924996136682943,131786,24135,0.09728609902631034,0.095,0.019,0.013000000000000001,0.027999999999999997,0.017,0.09341558761985005,0.09473390054166114,0.10391517653927176,-0.002234286873366839,-0.011415562870977461
2009-07-01,0.0917083631849989,131966,24289,0.10016880069167113,0.095,0.017,0.013000000000000001,0.03,0.017,0.09332740926896924,0.09473390054166114,0.1171223880869873,-0.0030255373566622362,-0.025414024901988394
2009-08-01,0.0930458097055358,130755,24142,0.10135862811697456,0.096,0.018000000000000002,0.012,0.028999999999999998,0.016,0.0946366064090375,0.0957037913349321,0.1101380537675388,-0.0026579816293963027,-0.017092244062002993
2009-09-01,0.0973938831313023,129428,24189,0.09611807019719708,0.098,0.019,0.012,0.03,0.017,0.09714973500855892,0.09764275014038834,0.10391517653927176,-2.488670090860373e-4,-0.006521293407969461
2009-10-01,0.098959110284211,129435,24200,0.096900826446281,0.1,0.018000000000000002,0.013000000000000001,0.03,0.016,0.09856522327956475,0.09958063103445404,0.1101380537675388,-6.215207502430348e-4,-0.011178943483327791
2009-11-01,0.0992675936142403,129189,24350,0.09277207392197125,0.099,0.019,0.013999999999999999,0.031,0.015,0.09802456738624363,0.09861182392117948,0.10391517653927176,6.557696930608176e-4,-0.004647582925031465
2009-12-01,0.0980754203729828,128773,23920,0.10994983277591973,0.099,0.019,0.013999999999999999,0.031,0.016,0.10034778759811291,0.09861182392117948,0.10391517653927176,-5.364035481966872e-4,-0.00583975616628897
2010-01-01,0.0966737127784314,129032,23924,0.11845845176391907,0.098,0.021,0.013000000000000001,0.03,0.013999999999999999,0.10084258658867509,0.09764275014038834,0.09330894886349643,-9.690373619569426e-4,0.003364763914934968
2010-02-01,0.0979037415351059,129341,23854,0.11536849165758363,0.098,0.02,0.013999999999999999,0.03,0.013999999999999999,0.10124591329289243,0.09764275014038834,0.09833688533467938,2.6099139471756627e-4,-4.331437995734738e-4
2010-03-01,0.0991108353887623,129805,23855,0.10966254453992874,0.099,0.02,0.013999999999999999,0.033,0.015,0.1011300812453645,0.09861182392117948,0.09833688533467938,4.990114675828133e-4,7.739500540829142e-4
2010-04-01,0.101621397312021,129995,23916,0.08780732563973909,0.099,0.024,0.015,0.032,0.013000000000000001,0.09897784387556396,0.09861182392117948,0.08082428018675492,0.0030095733908415134,0.02079711712526608
2010-05-01,0.0975790554811996,129656,24210,0.08612143742255267,0.096,0.022000000000000002,0.013999999999999999,0.034,0.013000000000000001,0.09538644881814579,0.0957037913349321,0.0887545617534331,0.0018752641462674996,0.008824493727766503
2010-06-01,0.0935742698023456,130079,24688,0.08700583279325988,0.094,0.021,0.015,0.031,0.016,0.09231728962738667,0.09376373153989699,0.09330894886349643,-1.8946173755139684e-4,2.653209388491645e-4
2010-07-01,0.092766912075376,130684,24586,0.09505409582689335,0.094,0.023,0.013999999999999999,0.032,0.017,0.09320460290321964,0.09376373153989699,0.08461050558990191,-9.968194645209871e-4,0.008156406485474096
2010-08-01,0.0944331624281899,130034,24644,0.09044797922415192,0.095,0.022000000000000002,0.013999999999999999,0.031,0.013999999999999999,0.0936705310329088,0.09473390054166114,0.0887545617534331,-3.0073811347124113e-4,0.005678600674756798
2010-09-01,0.0946877806336498,129366,24488,0.0923717739300882,0.095,0.022000000000000002,0.015,0.031,0.013999999999999999,0.09424457405232428,0.09473390054166114,0.0887545617534331,-4.611990801134391e-5,0.005933218880216695
2010-10-01,0.0945305178697557,129122,24530,0.09168365267019976,0.094,0.024,0.013999999999999999,0.032,0.013000000000000001,0.09398572264500551,0.09376373153989699,0.08082428018675492,7.667863298587152e-4,0.013706237683000791
2010-11-01,0.097209261788891,128909,24788,0.09686138454090688,0.098,0.024,0.013999999999999999,0.032,0.013999999999999999,0.09714268966474175,0.09764275014038834,0.08082428018675492,-4.334883514973409e-4,0.016384981602136084
2010-12-01,0.0925700978073611,128373,24783,0.10612113142073196,0.09300000000000001,0.023,0.015,0.033,0.013999999999999999,0.09516331451609225,0.09279328128878149,0.08461050558990191,-2.2318348142039146e-4,0.007959592217459191
2011-01-01,0.0905783212273752,128019,24517,0.10560019578251825,0.091,0.023,0.013999999999999999,0.031,0.013999999999999999,0.09345300792687711,0.09085152454138534,0.08461050558990191,-2.73203314010137e-4,0.005967815637473298
2011-02-01,0.0907834007647575,128676,23958,0.0978378829618499,0.09,0.024,0.015,0.032,0.013000000000000001,0.09213339380786352,0.0898802116230676,0.08082428018675492,9.031891416898946e-4,0.009959120578002578
2011-03-01,0.0899367597027907,128988,24034,0.0959474078388949,0.09,0.024,0.015,0.034,0.013999999999999999,0.09108699765670365,0.0898802116230676,0.08082428018675492,5.6548079723106603e-5,0.00911247951603579
2011-04-01,0.0908512770359634,128984,23915,0.09090528956721723,0.091,0.024,0.013999999999999999,0.033,0.013999999999999999,0.09086161323632452,0.09085152454138534,0.08082428018675492,-2.47505421949179e-7,0.010026996849208478
2011-05-01,0.0907984502276125,129196,24253,0.08398960953284129,0.09,0.024,0.015,0.032,0.013999999999999999,0.08949546479044648,0.0898802116230676,0.08082428018675492,9.18238604544902e-4,0.009974170040857586
2011-06-01,0.0906012526198609,130244,24294,0.08372437638923191,0.091,0.026000000000000002,0.015,0.033,0.015,0.08928524744608972,0.09085152454138534,0.07415638303584049,-2.5027192152443645e-4,0.016444869584020416
2011-07-01,0.0882316378458811,130296,24516,0.09185837820199054,0.09,0.027000000000000003,0.015,0.032,0.013999999999999999,0.08892567521292097,0.0898802116230676,0.07120615013378268,-0.0016485737771864961,0.017025487712098428
2011-08-01,0.0895642869554834,129966,24377,0.08553144357386061,0.09,0.025,0.015,0.033,0.013999999999999999,0.08879253498885842,0.0898802116230676,0.07735193092704559,-3.1592466758420534e-4,0.012212356028437801
2011-09-01,0.0898882916206462,129575,24447,0.09089049781159242,0.09,0.027999999999999997,0.015,0.033,0.013999999999999999,0.0900800805213387,0.0898802116230676,0.06847432262415355,8.079997578597231e-6,0.021413968996492644
2011-10-01,0.0882238788363859,129239,24849,0.08857499295746307,0.08800000000000001,0.027000000000000003,0.015,0.033,0.013999999999999999,0.08829107039028702,0.0879367000970095,0.07120615013378268,2.871787393763925e-4,0.01701772870260322
2011-11-01,0.0863739397897175,128987,24696,0.08361678004535147,0.086,0.026000000000000002,0.015,0.033,0.013999999999999999,0.0858463112027235,0.08599198462339012,0.07415638303584049,3.819551663273718e-4,0.012217556753877007
2011-12-01,0.0856451440844499,128536,24836,0.08813818650346271,0.085,0.027999999999999997,0.015,0.033,0.013999999999999999,0.08612222940805064,0.0850191664669159,0.06847432262415355,6.259776175339959e-4,0.017170821460296345
2012-01-01,0.0819130501519606,128329,25156,0.09353633328033073,0.083,0.027999999999999997,0.015,0.033,0.013000000000000001,0.0841373595942353,0.08307259068677497,0.06847432262415355,-0.001159540534814374,0.013438727527807046
2012-02-01,0.0820407181104934,129288,24826,0.09490050753242568,0.083,0.026000000000000002,0.016,0.034,0.013999999999999999,0.08450165369306138,0.08307259068677497,0.07415638303584049,-0.0010318725762815673,0.007884335074652915
2012-03-01,0.081950825040295,129358,24958,0.08706627133584421,0.08199999999999999,0.028999999999999998,0.016,0.034,0.013000000000000001,0.08292975116391896,0.08209882534017907,0.06593776773073798,-1.4800029988407126e-4,0.016013057309557016
2012-04-01,0.0826588734415586,129444,24460,0.07530662305805397,0.08199999999999999,0.027999999999999997,0.016,0.033,0.013999999999999999,0.081251897480517,0.08209882534017907,0.06847432262415355,5.600481013795372e-4,0.01418455081740505
2012-05-01,0.0826887364051147,130120,24878,0.07396092933515556,0.08199999999999999,0.027999999999999997,0.016,0.034,0.015,0.08101852468768025,0.08209882534017907,0.06847432262415355,5.899110649356387e-4,0.014214413780961152
2012-06-01,0.0808270680705443,131377,25009,0.08093086488864008,0.08199999999999999,0.027999999999999997,0.016,0.033,0.013999999999999999,0.08084693132604781,0.08209882534017907,0.06847432262415355,-0.0012717572696347712,0.012352745446390742
2012-07-01,0.0818675108242284,131346,25180,0.07823669579030977,0.08199999999999999,0.027000000000000003,0.015,0.032,0.013000000000000001,0.08117269369950517,0.08209882534017907,0.07120615013378268,-2.3131451595066743e-4,0.010661360690445723
2012-08-01,0.0805455504618459,130257,24998,0.07672613809104728,0.081,0.027999999999999997,0.015,0.033,0.013999999999999999,0.07981464208540172,0.08112473638184065,0.06847432262415355,-5.79185919994743e-4,0.01207122783769235
2012-09-01,0.0780225139860773,129958,25116,0.07624621755056538,0.078,0.027999999999999997,0.013999999999999999,0.032,0.013000000000000001,0.0776825899826652,0.07820048626257134,0.06847432262415355,-1.7797227649403446e-4,0.009548191361923752
2012-10-01,0.0789977221361377,130511,25268,0.07440240620547728,0.078,0.027000000000000003,0.015,0.033,0.013999999999999999,0.07811833164879296,0.07820048626257134,0.07120615013378268,7.972358735663654e-4,0.0077915720023550294
2012-11-01,0.0771536990416828,129737,25217,0.07713050719752548,0.077,0.027999999999999997,0.015,0.033,0.013999999999999999,0.07714926089478634,0.0772250607470669,0.06847432262415355,-7.136170538410425e-5,0.00867937641752925
2012-12-01,0.0795240877784558,129656,25248,0.08048162230671736,0.079,0.028999999999999998,0.015,0.033,0.013000000000000001,0.07970732801006623,0.07917557110605959,0.06593776773073798,3.485166723962013e-4,0.013586320047717815
2013-01-01,0.0798927185881846,129555,25240,0.08518225039619651,0.08,0.027999999999999997,0.017,0.033,0.012,0.08090495888344643,0.08015031970680243,0.06847432262415355,-2.5760111861783397e-4,0.011418395964031047
2013-02-01,0.0769774932829649,129486,25242,0.08236272878535773,0.077,0.028999999999999998,0.017,0.034,0.012,0.07800804807927784,0.0772250607470669,0.06593776773073798,-2.475674641020109e-4,0.011039725552226917
2013-03-01,0.0759262360086138,129451,25061,0.0744184190574997,0.075,0.028999999999999998,0.016,0.032,0.013000000000000001,0.07563769004061627,0.07527316939506112,0.06593776773073798,6.530666135526747e-4,0.00998846827787582
2013-04-01,0.0766612720618536,129757,24982,0.06764870706908975,0.076,0.028999999999999998,0.017,0.034,0.013000000000000001,0.07493656715781587,0.07624929001363195,0.06593776773073798,4.119820482216402e-4,0.010723504331115616
2013-05-01,0.0768775971980485,130776,24958,0.06306595079733954,0.075,0.03,0.016,0.034,0.013000000000000001,0.07423450787783127,0.07527316939506112,0.06357649133340258,0.0016044278029873765,0.013301105864645918
2013-06-01,0.0765029453242831,131785,25305,0.06461173681090694,0.075,0.03,0.016,0.033,0.013000000000000001,0.07422736388277101,0.07527316939506112,0.06357649133340258,0.0012297759292219795,0.012926453990880521
2013-07-01,0.0739462364284179,131814,25382,0.06670081159877078,0.073,0.027999999999999997,0.017,0.033,0.013000000000000001,0.07255970332207556,0.07331985919758523,0.06847432262415355,6.263772308326698e-4,0.0054719138042643445
2013-08-01,0.0726174335772207,130431,25540,0.0668363351605325,0.07200000000000001,0.028999999999999998,0.017,0.035,0.013000000000000001,0.07151112379770817,0.07234265963238813,0.06593776773073798,2.7477394483256534e-4,0.0066796658464827185
2013-09-01,0.073243156772223,129823,25713,0.06498658266246646,0.07200000000000001,0.028999999999999998,0.017,0.035,0.013999999999999999,0.07166312335564498,0.07234265963238813,0.06593776773073798,9.00497139834866e-4,0.007305389041485019
2013-10-01,0.0738220312827419,129410,25507,0.06402164111812443,0.07200000000000001,0.03,0.017,0.033,0.012,0.07194656286814849,0.07234265963238813,0.06357649133340258,0.001479371650353764,0.010245539949339313
2013-11-01,0.070777075468608,129467,25579,0.06325501387857227,0.069,0.028999999999999998,0.017,0.034,0.012,0.06933760329578875,0.06940882015725766,0.06593776773073798,0.0013682553113503332,0.004839307737870016
2013-12-01,0.0681934470640595,128979,25429,0.06457194541665028,0.067,0.028999999999999998,0.017,0.034,0.013000000000000001,0.06750041221146401,0.06745100435066206,0.06593776773073798,7.424427133974343e-4,0.0022556793333215197
2014-01-01,0.0666364193094221,129241,25139,0.06654998209952663,0.066,0.028999999999999998,0.017,0.034,0.013000000000000001,0.06661987810501273,0.06647150207508402,0.06593776773073798,1.6491723433807726e-4,6.98651578684123e-4
2014-02-01,0.0672468801624184,129606,25421,0.06935211045985602,0.067,0.031,0.018000000000000002,0.034,0.013000000000000001,0.06764975115652881,0.06745100435066206,0.06137312471860615,-2.0412418824367062e-4,0.005873755443812245
2014-03-01,0.0672928787144342,130154,25474,0.06524299285546047,0.067,0.031,0.018000000000000002,0.035,0.012,0.06690059880338467,0.06745100435066206,0.06137312471860615,-1.5812563622785714e-4,0.005919753995828059
2014-04-01,0.0632323196913793,129718,25127,0.05627412743264218,0.062,0.032,0.018000000000000002,0.035,0.013000000000000001,0.06190075333690455,0.06254938347627832,0.059312508658405365,6.829362151009738e-4,0.003919811032973931
2014-05-01,0.0637823246015658,130448,25392,0.055765595463137994,0.063,0.033,0.018000000000000002,0.035,0.012,0.06224818952786705,0.06353054274896021,0.057381353974276565,2.5178185260558983e-4,0.006400970627289233
2014-06-01,0.061587390645012,131608,25389,0.053172633817795106,0.061,0.035,0.018000000000000002,0.035,0.013000000000000001,0.059977086322342665,0.061567792919854765,0.05386199751876687,1.9597725157236012e-5,0.0077253931262451295
2014-07-01,0.0635530626216719,132162,25411,0.05230018495926961,0.062,0.034,0.019,0.036000000000000004,0.013000000000000001,0.06139963645448594,0.06254938347627832,0.05556796268708837,0.0010036791453935795,0.007985099934583531
2014-08-01,0.0622089847622949,130388,26046,0.05401981110343239,0.061,0.037000000000000005,0.018000000000000002,0.035,0.012,0.060641849548202495,0.061567792919854765,0.0507366815294182,6.411918424401378e-4,0.0114723032328767
2014-09-01,0.061689691827784,129666,26238,0.046421221129659275,0.059000000000000004,0.034,0.02,0.037000000000000005,0.012,0.05876781483590043,0.05960328864971237,0.05556796268708837,0.0020864031780716275,0.006121729140695628
2014-10-01,0.0586591540098932,130252,26364,0.05234410559854347,0.057,0.035,0.019,0.037000000000000005,0.013000000000000001,0.057450663977029595,0.057636968794297326,0.05386199751876687,0.0010221852155958763,0.004797156491126331
2014-11-01,0.0588342839768427,129760,26536,0.05381368706662647,0.057999999999999996,0.033,0.019,0.036000000000000004,0.012,0.05787350886795872,0.058620359656455893,0.057381353974276565,0.00021392432038680465,0.001452930002566133
2014-12-01,0.0567087983851065,129235,26286,0.0531081183900175,0.055999999999999994,0.035,0.018000000000000002,0.037000000000000005,0.013000000000000001,0.05601974810359545,0.05665310773666435,0.05386199751876687,5.569064844215127e-5,0.0028468008663396285
2015-01-01,0.0574882965413991,129977,26073,0.058297856019637176,0.057,0.037000000000000005,0.02,0.036000000000000004,0.013000000000000001,0.05764321927464412,0.057636968794297326,0.0507366815294182,-1.4867225289822567e-4,0.006751615011980898
2015-02-01,0.0554137822930242,129937,26276,0.05845638605571624,0.055,0.037000000000000005,0.019,0.036000000000000004,0.012,0.05599603536246357,0.055668767855435404,0.0507366815294182,-2.549855624112071e-4,0.004677100763605994
2015-03-01,0.0553488436296039,129990,26328,0.05283348526283804,0.054000000000000006,0.036000000000000004,0.02,0.036000000000000004,0.013999999999999999,0.05486748777651917,0.05468394020433471,0.05225429025266857,6.649034252691893e-4,0.00309455337693533
2015-04-01,0.0549276383290453,130451,26103,0.04918974830479255,0.054000000000000006,0.038,0.019,0.037000000000000005,0.013000000000000001,0.05382959719740259,0.05468394020433471,0.04930188623090417,2.436981247105896e-4,0.005625752098141132
2015-05-01,0.0564705233528995,131388,26331,0.04682693403212943,0.055999999999999994,0.038,0.019,0.036000000000000004,0.012,0.05462506139979159,0.05665310773666435,0.04930188623090417,-1.8258438376484581e-4,0.007168637121995336
2015-06-01,0.0526450134000332,132183,26100,0.049233716475095786,0.053,0.036000000000000004,0.019,0.036000000000000004,0.013000000000000001,0.0519922047334336,0.053698615501087975,0.05225429025266857,-0.0010536021010547764,3.9072314736463e-4
2015-07-01,0.0524406099710818,132448,26079,0.05249434410828636,0.052000000000000005,0.040999999999999995,0.019,0.036000000000000004,0.012,0.05245089289608987,0.05271278410822154,0.04543237410716096,-2.7217413713974403e-4,0.007008235863920839
2015-08-01,0.0516292478279494,131334,26056,0.04382867669634633,0.051,0.037000000000000005,0.02,0.036000000000000004,0.012,0.05013647820068204,0.051726436012373644,0.0507366815294182,-9.718818442424476e-5,8.925662985311972e-4
2015-09-01,0.0509479309817402,130475,26132,0.046073779274452775,0.05,0.037000000000000005,0.02,0.037000000000000005,0.013999999999999999,0.05001518060941756,0.050739560801971145,0.0507366815294182,2.083701797690532e-4,2.11249452321996e-4
2015-10-01,0.0515717890381355,131047,26267,0.04366695854113527,0.05,0.039,0.02,0.037000000000000005,0.013000000000000001,0.05005906763920972,0.050739560801971145,0.04794337981469447,8.322282361643563e-4,0.0036284092234410287
2015-11-01,0.0519951278889004,130675,26665,0.04387774235889743,0.051,0.038,0.02,0.038,0.012,0.05044173053278684,0.051726436012373644,0.04930188623090417,2.686918765267554e-4,0.002693241657996233
2015-12-01,0.0509338193106979,130564,26681,0.04703721749559612,0.05,0.039,0.021,0.039,0.013000000000000001,0.050188139444313114,0.050739560801971145,0.04794337981469447,1.9425850872675787e-4,0.0029904394960034303
2016-01-01,0.0497768784753483,130665,26681,0.050710243244256215,0.048,0.04,0.02,0.036000000000000004,0.013000000000000001,0.049955493419649284,0.04876418525343371,0.046655301896538603,0.001012693221914586,0.0031215765788096955
2016-02-01,0.0505437690705619,131677,26602,0.04552289301556274,0.049,0.039,0.021,0.038,0.013000000000000001,0.04958294054265942,0.049752147643106905,0.04794337981469447,7.916214274549943e-4,0.002600389255867426
2016-03-01,0.0511054507069834,131825,27029,0.04765252136594029,0.05,0.040999999999999995,0.02,0.037000000000000005,0.013000000000000001,0.05044467498191797,0.050739560801971145,0.04543237410716096,3.658899050122538e-4,0.005673076599822441
2016-04-01,0.0511333861820151,131891,26596,0.042750789592419916,0.051,0.039,0.021,0.037000000000000005,0.012,0.04952923625818624,0.051726436012373644,0.04794337981469447,-5.930498303585441e-4,0.0031900063673206275
2016-05-01,0.0491796890547338,132557,26243,0.036924132149525585,0.048,0.039,0.021,0.036000000000000004,0.013000000000000001,0.04683438346047767,0.04876418525343371,0.04794337981469447,4.155038013000864e-4,0.0012363092400393266
2016-06-01,0.0499886916063474,133198,26936,0.04031779031779032,0.049,0.038,0.021,0.037000000000000005,0.012,0.04813800305184255,0.049752147643106905,0.04930188623090417,2.365439632404931e-4,6.868053754432307e-4
2016-07-01,0.0496907579812896,133572,27132,0.042348518354710304,0.048,0.04,0.021,0.038,0.012,0.04828569774585733,0.04876418525343371,0.046655301896538603,9.265727278558872e-4,0.0030354560847509968
2016-08-01,0.0493732477161311,132464,27336,0.044007901668129935,0.049,0.038,0.021,0.037000000000000005,0.013000000000000001,0.0483464990992527,0.049752147643106905,0.04930188623090417,-3.7889992697580366e-4,7.136148522693397e-5
2016-09-01,0.0506100004806164,132291,27345,0.04384713841652953,0.05,0.039,0.021,0.037000000000000005,0.011000000000000001,0.04931581382269757,0.050739560801971145,0.04794337981469447,-1.2956032135474221e-4,0.00266662066592193
2016-10-01,0.0502135727501248,132722,27060,0.04050258684405026,0.049,0.037000000000000005,0.021,0.036000000000000004,0.011000000000000001,0.04835521333427644,0.049752147643106905,0.0507366815294182,4.6142510701789596e-4,-5.231087792934019e-4
2016-11-01,0.0473138747145719,132068,27384,0.043382997370727434,0.047,0.04,0.021,0.037000000000000005,0.012,0.04656163565304583,0.047775661873866206,0.046655301896538603,-4.6178715929430514e-4,6.58572818033297e-4
2016-12-01,0.0480686537828205,131906,27062,0.043640529155273076,0.047,0.039,0.021,0.037000000000000005,0.012,0.047221258144957895,0.047775661873866206,0.04794337981469447,2.9299190895429317e-4,1.2527396812602593e-4
2017-01-01,0.0476946514240987,131532,27144,0.05242410845859122,0.047,0.037000000000000005,0.022000000000000002,0.038,0.012,0.04859971205305107,0.047775661873866206,0.0507366815294182,-8.101044976750738e-5,-0.0030420301053195042
2017-02-01,0.0467499664727644,132432,27049,0.04983548375170986,0.046,0.039,0.021,0.037000000000000005,0.012,0.047340431760589025,0.04678656523785654,0.04794337981469447,-3.659876509214122e-5,-0.0011934133419300719
2017-03-01,0.045174811953224,132850,27062,0.04452738156825068,0.044000000000000004,0.038,0.022000000000000002,0.037000000000000005,0.012,0.045050915331021214,0.044806600389518995,0.04930188623090417,3.682115637050065e-4,-0.004127074277680165
2017-04-01,0.0448151873953496,132415,27402,0.03828187723523831,0.044000000000000004,0.04,0.021,0.036000000000000004,0.012,0.043564929329883165,0.044806600389518995,0.046655301896538603,8.587005830604233e-6,-0.0018401145011890038
2017-05-01,0.0438930888424505,132664,27315,0.03752516932088596,0.044000000000000004,0.038,0.021,0.037000000000000005,0.012,0.0426744810392138,0.044806600389518995,0.04930188623090417,-9.135115470684935e-4,-0.005408797388453665
2017-06-01,0.0438106392564746,133796,27540,0.036746550472040666,0.043,0.040999999999999995,0.022000000000000002,0.038,0.013000000000000001,0.042458807832362465,0.04381570479073429,0.04543237410716096,-5.065534259690585e-6,-0.0016217348506863613
2017-07-01,0.0439089289931057,134375,27536,0.03987507263219059,0.043,0.040999999999999995,0.021,0.037000000000000005,0.013000000000000001,0.04313698317596708,0.04381570479073429,0.04543237410716096,9.322420237141416e-5,-0.0015234451140552566
2017-08-01,0.0442085284433937,133190,27673,0.041665160987243884,0.044000000000000004,0.040999999999999995,0.021,0.038,0.013000000000000001,0.043721812583046124,0.044806600389518995,0.04543237410716096,-5.980719461252948e-4,-0.0012238456637672576
2017-09-01,0.0426408157337723,133203,27846,0.0392156862745098,0.043,0.040999999999999995,0.022000000000000002,0.037000000000000005,0.012,0.041985359980599136,0.04381570479073429,0.04543237410716096,-0.001174889056961989,-0.00279155837338866
2017-10-01,0.0411862266267467,133091,27374,0.03766347629137137,0.042,0.042,0.022000000000000002,0.038,0.012,0.040512089487763456,0.04282418107938199,0.04426982982081355,-0.0016379544526352874,-0.00308360319406685
2017-11-01,0.0427514297768402,133071,27395,0.034385836831538605,0.042,0.040999999999999995,0.022000000000000002,0.037000000000000005,0.012,0.041150533784464066,0.04282418107938199,0.04543237410716096,-7.275130254179307e-5,-0.0026809443303207614
2017-12-01,0.0417287523268621,132736,27143,0.03875769074899606,0.040999999999999995,0.040999999999999995,0.022000000000000002,0.037000000000000005,0.012,0.041160190049901235,0.041832013885081155,0.04543237410716096,-1.0326155821905464e-4,-0.0037036217802988575
2018-01-01,0.0414361009100777,132283,27754,0.04684009512142394,0.04,0.043,0.02,0.037000000000000005,0.013000000000000001,0.04247024549879174,0.04083918707698945,0.043163353803854825,5.969138330882487e-4,-0.0017272528937771273
2018-02-01,0.0422712019685982,133276,28218,0.039832730880997945,0.040999999999999995,0.042,0.022000000000000002,0.038,0.012,0.04180455978110607,0.041832013885081155,0.04426982982081355,4.391880835170475e-4,-0.0019986278522153497
2018-03-01,0.0408506586575063,133107,28441,0.040821349460286205,0.04,0.044000000000000004,0.022000000000000002,0.038,0.012,0.04084504985288525,0.04083918707698945,0.04210903018952022,1.1471580516848878e-5,-0.0012583715320139202
2018-04-01,0.040308965685275,133014,28266,0.034210712516804645,0.04,0.044000000000000004,0.023,0.038,0.012,0.03914196304460955,0.04083918707698945,0.04210903018952022,-5.302213917144499e-4,-0.001800064504245219
2018-05-01,0.0386756304665177,133842,27923,0.029975289188124487,0.038,0.045,0.023,0.039,0.012,0.03701067478723056,0.038851485942233296,0.041103297470829844,-1.7585547571559446e-4,-0.0024276670043121423
2018-06-01,0.0403675012343083,135162,28115,0.03489240618886715,0.04,0.046,0.023,0.039,0.012,0.03931975031295276,0.04083918707698945,0.040142909433023406,-4.7168584268114655e-4,2.2459180128489575e-4
2018-07-01,0.0397396887760031,135876,27858,0.032881039557757195,0.038,0.046,0.023,0.038,0.012,0.03842717164561005,0.038851485942233296,0.040142909433023406,8.882028337698009e-4,-4.0322065702030896e-4
2018-08-01,0.0388430312522357,133856,28053,0.03361494314333583,0.038,0.046,0.023,0.039,0.012,0.03784254923547348,0.038851485942233296,0.040142909433023406,-8.454689997598741e-6,-0.0012998781807877086
2018-09-01,0.0383942723397348,133642,28315,0.02980752251456825,0.037000000000000005,0.047,0.023,0.038,0.012,0.036751054283043906,0.037856575002669146,0.0392249011320883,5.376973370656568e-4,-8.306287923534952e-4
2018-10-01,0.0383854305021664,134313,28410,0.030869412178810278,0.038,0.047,0.023,0.04,0.012,0.036947114809404394,0.038851485942233296,0.0392249011320883,-4.6605544006689953e-4,-8.394706299219012e-4
2018-11-01,0.0377094517119501,133948,28717,0.03175819201170039,0.038,0.048,0.023,0.039,0.013000000000000001,0.03657057872757065,0.038851485942233296,0.03834655917613895,-0.0011420342302831954,-6.371074641888519e-4
2018-12-01,0.0400850848082883,134151,28359,0.0340632603406326,0.039,0.048,0.023,0.039,0.012,0.03893270807658551,0.03984568370620792,0.03834655917613895,2.3940110208037907e-4,0.0017385256321493445
2019-01-01,0.0406631620218477,133419,28686,0.045492574775151645,0.04,0.048,0.023,0.039,0.011000000000000001,0.04158735084777386,0.04083918707698945,0.03834655917613895,-1.760250551417486e-4,0.002316602845708747
2019-02-01,0.0391103010656267,133901,28892,0.037207531496608055,0.038,0.045,0.024,0.038,0.012,0.0387461743148543,0.038851485942233296,0.041103297470829844,2.588151233934022e-4,-0.0019929964052031457
2019-03-01,0.0387941694565183,133930,28893,0.038694493475928425,0.038,0.046,0.023,0.038,0.011000000000000001,0.0387750947921274,0.038851485942233296,0.040142909433023406,-5.73164857149977e-5,-0.0013487399765051075
2019-04-01,0.0372926907532574,133657,28439,0.027391961742677308,0.037000000000000005,0.046,0.023,0.04,0.013000000000000001,0.035398020823908076,0.037856575002669146,0.040142909433023406,-5.638842494117488e-4,-0.002850218679766009
2019-05-01,0.0369224295202141,134182,28473,0.02792118849436308,0.036000000000000004,0.046,0.023,0.038,0.012,0.03519989164645947,0.03686093107527962,0.040142909433023406,6.149844493447826e-5,-0.0032204799128093056
2019-06-01,0.0378798458230452,135699,28421,0.027374124766897715,0.036000000000000004,0.046,0.023,0.038,0.012,0.03586940055684874,0.03686093107527962,0.040142909433023406,0.0010189147477655744,-0.0022630636099782095
2019-07-01,0.0387009890138367,136959,27982,0.030090772639554,0.037000000000000005,0.045,0.024,0.039,0.012,0.03705328024086537,0.037856575002669146,0.041103297470829844,8.444140111675547e-4,-0.0024023084569931435
2019-08-01,0.0374296254237151,135866,28153,0.03129329023549888,0.036000000000000004,0.045,0.023,0.039,0.012,0.036255335152251524,0.03686093107527962,0.041103297470829844,5.686943484354764e-4,-0.0036736720471147455
2019-09-01,0.0363929651990772,135822,28121,0.025923686924362577,0.035,0.045,0.023,0.039,0.013000000000000001,0.03438949386803733,0.03586453323131455,0.041103297470829844,5.284319677626506e-4,-0.004710332271752646
2019-10-01,0.0369419890007509,136509,28067,0.025724160045605158,0.036000000000000004,0.046,0.023,0.038,0.012,0.034795269989334035,0.03686093107527962,0.040142909433023406,8.105792547127844e-5,-0.0032009204322725054
2019-11-01,0.0366024674207331,135918,28468,0.02722354924827877,0.036000000000000004,0.043,0.023,0.039,0.012,0.03480765471429625,0.03686093107527962,0.043163353803854825,-2.584636545465216e-4,-0.006560886383121724
2019-12-01,0.0363878946750075,135921,28086,0.030727052624083172,0.036000000000000004,0.042,0.023,0.039,0.013000000000000001,0.03530459796047051,0.03686093107527962,0.04426982982081355,-4.7303640027212407e-4,-0.007881935145806054
2020-01-01,0.0370567012646604,135308,28189,0.03987370960303665,0.036000000000000004,0.045,0.023,0.039,0.012,0.03759578288013985,0.03686093107527962,0.041103297470829844,1.9577018938077978e-4,-0.004046596206169442
2020-02-01,0.0362136857253595,135516,28719,0.03558619729099203,0.035,0.044000000000000004,0.023,0.039,0.013000000000000001,0.03609360532861901,0.03586453323131455,0.04210903018952022,3.491524940449492e-4,-0.0058953444641607206
2020-03-01,0.044201620346879,134718,27819,0.04820446457457134,0.044000000000000004,0.038,0.019,0.034,0.086,0.04496763147413778,0.044806600389518995,0.04930188623090417,-6.049800426399937e-4,-0.005100265884025165
2020-04-01,0.151840477696702,129545,26285,0.1645044702301693,0.14800000000000002,0.034,0.015,0.031,0.07,0.15426394427305454,0.14581347503034184,0.05556796268708837,0.006027002666360165,0.09627251500961363
2020-05-01,0.130540297181576,131353,26622,0.15731350011268874,0.132,0.04,0.017,0.061,0.016,0.1356637969210133,0.1304558813246121,0.046655301896538603,8.441585696389309e-5,0.0838849952850374
2020-06-01,0.0996760399989282,134060,26823,0.13768034895425568,0.11,0.043,0.019,0.054000000000000006,0.016,0.10694879953879781,0.1092546120686845,0.043163353803854825,-0.009578572069756305,0.056512686195073374
2020-07-01,0.0932847340698526,134025,27349,0.1244652455300011,0.102,0.045,0.022000000000000002,0.045,0.013000000000000001,0.09925164593888214,0.10151745615967905,0.041103297470829844,-0.00823272208982645,0.05218143659902276
2020-08-01,0.0781959518141024,133641,27325,0.10151875571820677,0.084,0.044000000000000004,0.021,0.043,0.011000000000000001,0.08265916004634433,0.08404603642633261,0.04210903018952022,-0.005850084612230216,0.03608692162458218
2020-09-01,0.0781019287641733,133361,26712,0.08584156933213537,0.078,0.044000000000000004,0.022000000000000002,0.042,0.011000000000000001,0.07958303830998752,0.07820048626257134,0.04210903018952022,-9.855749839804417e-5,0.03599289857465308
2020-10-01,0.0671982486476474,134134,26919,0.07634013150562799,0.069,0.046,0.023,0.043,0.012,0.06894770068599129,0.06940882015725766,0.040142909433023406,-0.002210571509610265,0.02705533921462399
2020-11-01,0.0674148308035864,132973,27494,0.06728740816178075,0.067,0.046,0.022000000000000002,0.040999999999999995,0.015,0.06739044635194759,0.06745100435066206,0.040142909433023406,-3.6173547075663004e-5,0.027271921370562995
2020-12-01,0.0677764638623952,132487,27529,0.07326818990882342,0.067,0.045,0.024,0.039,0.013000000000000001,0.0688273974036802,0.06745100435066206,0.041103297470829844,3.2545951173314214e-4,0.02667316639156536
2021-01-01,0.0612122401693863,131685,27549,0.08098297578859487,0.064,0.048,0.023,0.039,0.011000000000000001,0.06499570078312501,0.06451127776926792,0.03834655917613895,-0.0032990375998816213,0.022865680993247345
2021-02-01,0.0601600164343047,132062,27946,0.07457238960853074,0.062,0.052000000000000005,0.024,0.040999999999999995,0.011000000000000001,0.06291806486029299,0.06254938347627832,0.035183018318278664,-0.0023893670419736224,0.024976998116026036
2021-03-01,0.0597535170806255,132623,27775,0.06801080108010801,0.061,0.055999999999999994,0.025,0.043,0.01,0.06133368634646426,0.061567792919854765,0.03248720135194514,-0.0018142758392292666,0.02726631572868036
2021-04-01,0.0608825063827172,132735,27644,0.06359427000434091,0.061,0.061,0.027000000000000003,0.042,0.01,0.061401447663091954,0.061567792919854765,0.029631877419024157,-6.852865371375638e-4,0.031250628963693045
2021-05-01,0.0573633702600707,133280,27327,0.05624473963479343,0.057999999999999996,0.064,0.026000000000000002,0.040999999999999995,0.009000000000000001,0.05714930159851081,0.058620359656455893,0.02814043772365719,-0.0012569893963851955,0.029222932536413507
2021-06-01,0.0571993447199178,134514,27653,0.05764293205077207,0.059000000000000004,0.066,0.027999999999999997,0.045,0.009000000000000001,0.057284232567662324,0.05960328864971237,0.027224213821605572,-0.0024039439297945733,0.029975130898312226
2021-07-01,0.0529628753105713,135105,27712,0.053983833718244806,0.054000000000000006,0.07,0.027999999999999997,0.046,0.01,0.05315825276126895,0.05468394020433471,0.025554477818126177,-0.0017210648937634118,0.02740839749244512
2021-08-01,0.0502638241038143,133872,27916,0.05244304341596217,0.051,0.069,0.027999999999999997,0.043,0.009000000000000001,0.05068085413218612,0.051726436012373644,0.025953082863873655,-0.0014626119085593414,0.024310741239940648
2021-09-01,0.0475591088153583,133293,28100,0.04569395017793594,0.047,0.068,0.028999999999999998,0.045,0.01,0.047202179544795095,0.047775661873866206,0.02636386200476312,-2.1655305850790812e-4,0.02119524681059518
2021-10-01,0.0447239122967379,133298,28564,0.04285114129673715,0.045,0.07,0.027999999999999997,0.045,0.009000000000000001,0.0443655262733989,0.04579688253797856,0.025554477818126177,-0.0010729702412406589,0.019169434478611726
2021-11-01,0.0420626447747682,133204,28895,0.036096210417027166,0.040999999999999995,0.07,0.03,0.046,0.009000000000000001,0.04092086786612153,0.041832013885081155,0.025554477818126177,2.3063088968704182e-4,0.01650816695664202
2021-12-01,0.0396248507831449,132935,28760,0.037169680111265646,0.039,0.071,0.028999999999999998,0.045,0.009000000000000001,0.039155012851164434,0.03984568370620792,0.02516751977429293,-2.2083292306301905e-4,0.014457331008851968
2022-01-01,0.0415716746193428,133569,29255,0.04365065800717826,0.04,0.07,0.028999999999999998,0.043,0.009000000000000001,0.04196952282873621,0.04083918707698945,0.025554477818126177,7.324875423533536e-4,0.016017196801216625
2022-02-01,0.0399596898921768,134495,29229,0.037360156009442674,0.039,0.07200000000000001,0.027999999999999997,0.045,0.009000000000000001,0.03946222564760674,0.03984568370620792,0.024791711460357236,1.1400618596887901e-4,0.015167978431819561
2022-03-01,0.0379213958317861,135115,29159,0.033814602695565694,0.037000000000000005,0.075,0.028999999999999998,0.044000000000000004,0.009000000000000001,0.037135492343978276,0.037856575002669146,0.02372661715036295,6.48208291169558e-5,0.014194778681423152
2022-04-01,0.0363811321951072,133992,29458,0.03292823681173196,0.037000000000000005,0.073,0.03,0.043,0.009000000000000001,0.03572036296840893,0.037856575002669146,0.024426583353134006,-0.0014754428075619483,0.011954548841973191
2022-05-01,0.0357782900569258,134509,29648,0.032312466270912034,0.036000000000000004,0.071,0.027999999999999997,0.042,0.01,0.03511504676435949,0.03686093107527962,0.02516751977429293,-0.0010826410183538207,0.01061077028263287
2022-06-01,0.0362561892273825,135459,29553,0.0357324129529997,0.036000000000000004,0.069,0.027000000000000003,0.043,0.01,0.036155955885401395,0.03686093107527962,0.025953082863873655,-6.047418478971195e-4,0.010303106363508847
2022-07-01,0.0361315029992315,135677,29644,0.03241802725678046,0.035,0.07,0.026000000000000002,0.042,0.01,0.03542086736673701,0.03586453323131455,0.025554477818126177,2.669697679169511e-4,0.010577025181105322
2022-08-01,0.0356256962100284,135153,29817,0.03900459469430191,0.036000000000000004,0.062,0.027999999999999997,0.042,0.01,0.03627230489365522,0.03686093107527962,0.029118083741774662,-0.0012352348652512196,0.006507612468253741
2022-09-01,0.0356346228091568,134250,30213,0.028596961572832886,0.035,0.066,0.027000000000000003,0.04,0.009000000000000001,0.034287848737958475,0.03586453323131455,0.027224213821605572,-2.299104221577461e-4,0.00841040898755123
2022-10-01,0.0359020025105495,134294,30459,0.0330936668964838,0.036000000000000004,0.064,0.026000000000000002,0.04,0.01,0.03536458056578108,0.03686093107527962,0.02814043772365719,-9.589285647301216e-4,0.00776156478689231
2022-11-01,0.0365399928509115,133730,30542,0.030253421517909763,0.036000000000000004,0.064,0.026000000000000002,0.04,0.01,0.03533695238281874,0.03686093107527962,0.02814043772365719,-3.209382243681211e-4,0.00839955512725431
2022-12-01,0.0354334639505415,134147,30077,0.03148585297735811,0.035,0.066,0.027000000000000003,0.04,0.01,0.03467802262943602,0.03586453323131455,0.027224213821605572,-4.3106928077304985e-4,0.008209250128935926
2023-01-01,0.0356052298323431,135125,29945,0.04184337952913675,0.035,0.062,0.025,0.040999999999999995,0.011000000000000001,0.036799004011261065,0.03586453323131455,0.029118083741774662,-2.5930339897144855e-4,0.006487146090568437
2023-02-01,0.0359827910666074,135351,30827,0.04246277613780128,0.036000000000000004,0.06,0.025,0.039,0.01,0.03722284448529038,0.03686093107527962,0.030163456841117972,-8.781400086722221e-4,0.005819334225489428
2023-03-01,0.0366975171456571,135938,30845,0.03232290484681472,0.035,0.059000000000000004,0.024,0.038,0.012,0.035860361986039944,0.03586453323131455,0.03071374977388938,8.329839143425555e-4,0.005983767371767722
2023-04-01,0.0337513693630346,135309,30912,0.0307324016563147,0.034,0.06,0.023,0.038,0.011000000000000001,0.03317363944784488,0.03486735932885146,0.030163456841117972,-0.0011159899658168618,0.0035879125219166266
2023-05-01,0.0364010585897975,135453,31249,0.031681013792441357,0.036000000000000004,0.057,0.026000000000000002,0.039,0.01,0.03549779914969205,0.03686093107527962,0.031874519230619666,-4.5987248548211984e-4,0.004526539359177836
2023-06-01,0.0362701669020173,137180,30730,0.03319232020826554,0.036000000000000004,0.055999999999999994,0.024,0.038,0.011000000000000001,0.035681169508838775,0.03686093107527962,0.03248720135194514,-5.907641732623217e-4,0.0037829655500721607
2023-07-01,0.0352316244426044,137484,30870,0.03699384515711046,0.035,0.053,0.023,0.036000000000000004,0.011000000000000001,0.035568854821608126,0.03586453323131455,0.03446945426718403,-6.329087887101473e-4,7.621701754203722e-4
2023-08-01,0.0376514841119953,136482,31567,0.037095701206956634,0.037000000000000005,0.055999999999999994,0.023,0.037000000000000005,0.011000000000000001,0.037545125766433284,0.037856575002669146,0.03248720135194514,-2.0509089067384523e-4,0.005164282760050161
2023-09-01,0.0375613733452467,136382,31336,0.03583737554250702,0.037000000000000005,0.055999999999999994,0.023,0.037000000000000005,0.01,0.037231457559083414,0.037856575002669146,0.03248720135194514,-2.9520165742244475e-4,0.005074171993301561
2023-10-01,0.0376539014220671,136537,31237,0.037839741332394275,0.039,0.052000000000000005,0.023,0.037000000000000005,0.01,0.037689464994142816,0.03984568370620792,0.035183018318278664,-0.0021917822841408183,0.0024708831037884363
2023-11-01,0.0368719909075646,136470,31507,0.0344367918240391,0.037000000000000005,0.052000000000000005,0.023,0.035,0.01,0.03640597487272471,0.037856575002669146,0.035183018318278664,-9.84584095104546e-4,0.0016889725892859364
2023-12-01,0.0376248980589888,135069,31591,0.03814377512582698,0.038,0.052000000000000005,0.022000000000000002,0.036000000000000004,0.011000000000000001,0.037724193855744444,0.038851485942233296,0.035183018318278664,-0.0012265878832444996,0.002441879740710133
2024-01-01,0.0374106500715079,135184,31244,0.0448726155421841,0.037000000000000005,0.051,0.021,0.036000000000000004,0.01,0.03883862184773015,0.037856575002669146,0.03592564566354668,-4.4592493116124565e-4,0.0014850044079612185
2024-02-01,0.0382017539208478,134764,32521,0.04670828080317333,0.039,0.051,0.022000000000000002,0.036000000000000004,0.011000000000000001,0.039829619976965575,0.03984568370620792,0.03592564566354668,-0.0016439297853601195,0.002276108257301117
2024-03-01,0.0396007240696405,135668,32292,0.03647962343614518,0.039,0.05,0.021,0.035,0.01,0.03900344931235369,0.03984568370620792,0.03669912543395161,-2.4495963656741976e-4,0.0029015986356888887
2024-04-01,0.0373430467986756,135758,31726,0.03921074197818824,0.039,0.046,0.022000000000000002,0.035,0.01,0.03770046147895135,0.03984568370620792,0.040142909433023406,-0.0025026369075323157,-0.0027998626343478036
2024-05-01,0.0396328376876463,135587,31989,0.034167995248366625,0.039,0.047,0.021,0.035,0.011000000000000001,0.038587048773792515,0.03984568370620792,0.0392249011320883,-2.1284601856162016e-4,4.07936555558e-4
2024-06-01,0.0402028387462403,136783,32224,0.04211146971201589,0.040999999999999995,0.045,0.021,0.033,0.009000000000000001,0.04056808717322134,0.041832013885081155,0.041103297470829844,-0.001629175138840852,-9.00458724589541e-4
2024-07-01,0.0415611893498041,137205,32518,0.04665108555261701,0.042,0.045,0.021,0.034,0.011000000000000001,0.042535226036261586,0.04282418107938199,0.041103297470829844,-0.0012629917295778892,4.5789187897425643e-4
2024-08-01,0.0416135392773384,135714,33049,0.04275469757027444,0.042,0.046,0.021,0.033,0.011000000000000001,0.0418319189845239,0.04282418107938199,0.040142909433023406,-0.0012106418020435897,0.001470629844314994
2024-09-01,0.0394790342868349,135788,32781,0.04173149080259907,0.040999999999999995,0.042,0.02,0.034,0.011000000000000001,0.03991007947785314,0.041832013885081155,0.04426982982081355,-0.002352979598246256,-0.004790795533978653
2024-10-01,0.0405610472820565,136135,32435,0.04143671959303222,0.040999999999999995,0.045,0.02,0.033,0.01,0.040728621810537845,0.041832013885081155,0.041103297470829844,-0.0012709666030246564,-5.422501887733452e-4
2024-11-01,0.0409761266337283,135892,32272,0.04489960337134358,0.042,0.046,0.019,0.033,0.012,0.04172694946559427,0.04282418107938199,0.040142909433023406,-0.0018480544456536893,8.332172007048944e-4
2024-12-01,0.0405178455556403,135645,32101,0.04274010155446871,0.040999999999999995,0.044000000000000004,0.019,0.033,0.011000000000000001,0.04094311137311667,0.041832013885081155,0.04210903018952022,-0.001314168329440854,-0.0015911846338799163
2025-01-01,0.0409326995940162,136507,33307,0.04602636082505179,0.04,0.045,0.02,0.033,0.011000000000000001,0.04190745678153467,0.04083918707698945,0.041103297470829844,9.351251702675173e-5,-1.7059787681364402e-4
2025-02-01,0.0415115461180269,136874,33241,0.046779579435035044,0.042,0.044000000000000004,0.02,0.033,0.012,0.04251967231781276,0.04282418107938199,0.04210903018952022,-0.0013126349613550928,-5.974840714933205e-4
2025-03-01,0.0416555154054113,136935,33719,0.04430736380082446,0.042,0.042,0.022000000000000002,0.034,0.01,0.04216299090611568,0.04282418107938199,0.04426982982081355,-0.001168665673970691,-0.002614314415402254
2025-04-01,0.0425991738403667,137646,33004,0.03638952854199491,0.042,0.043,0.02,0.034,0.011000000000000001,0.041410854454372203,0.04282418107938199,0.043163353803854825,-2.2500723901529296e-4,-5.641799634881275e-4
2025-05-01,0.0431859352383321,137510,32706,0.034458509142053444,0.043,0.044000000000000004,0.021,0.034,0.011000000000000001,0.04151579642657718,0.04381570479073429,0.04210903018952022,-6.297695524021887e-4,0.0010769050488118811
2025-06-01,0.0413928699602864,138771,32572,0.04113962912931352,0.040999999999999995,0.043,0.021,0.034,0.012,0.04134440809583025,0.041832013885081155,0.043163353803854825,-4.391439247947576e-4,-0.0017704838435684267
2025-07-01,0.0433752035558683,139580,32066,0.04060375475581613,0.043,0.043,0.02,0.033,0.011000000000000001,0.0428448405193102,0.04381570479073429,0.043163353803854825,-4.4050123486599063e-4,2.118497520134724e-4
2025-08-01,0.042876045966323,138796,32239,0.04417010453177828,0.043,0.042,0.02,0.032,0.012,0.04312368569549497,0.04381570479073429,0.04426982982081355,-9.396588244112852e-4,-0.0013937838544905504
2025-09-01,0.044748038949592,139144,32073,0.04143672247684969,0.044000000000000004,0.043,0.019,0.033,0.011000000000000001,0.044114363213112434,0.044806600389518995,0.043163353803854825,-5.856143992699625e-5,0.0015846851457371747
2025-11-01,0.0455121303845405,139262,32205,0.04356466387206955,0.045,0.040999999999999995,0.02,0.032,0.01,0.04513945012678872,0.04579688253797856,0.04543237410716096,-2.847521534380601e-4,7.975627737954322e-5
2025-12-01,0.0444850312976015,138297,32426,0.04052303706901869,0.044000000000000004,0.04,0.02,0.033,0.011000000000000001,0.043726837500242775,0.044806600389518995,0.046655301896538603,-3.2156909191749516e-4,-0.0021702705989371032
2026-01-01,0.0444497063355683,136554,33058,0.04525379635791639,0.043,0.044000000000000004,0.02,0.034,0.01,0.04460358239703859,0.04381570479073429,0.04210903018952022,6.340015448340133e-4,0.0023406761460480832
2026-02-01,0.0446931995796866,137495,32711,0.04714010577481581,0.044000000000000004,0.042,0.019,0.031,0.011000000000000001,0.04516145596594823,0.044806600389518995,0.04426982982081355,-1.134008098323952e-4,4.2336975887304756e-4
2026-03-01,0.0429878279320221,136700,33401,0.04275321098170713,0.043,0.042,0.02,0.035,0.012,0.04294293005831983,0.04381570479073429,0.04426982982081355,-8.278768587121899e-4,-0.001282001888791455
2026-04-01,0.0443429678616241,136697,32851,0.036619889805485376,0.043,0.046,0.019,0.033,0.01,0.04286502782919347,0.04381570479073429,0.040142909433023406,5.272630708898149e-4,0.004200058428600696
2026-05-01,0.0438405801543149,137189,32612,0.03495645774561511,0.043,0.045,0.02,0.033,0.011000000000000001,0.042140454884909535,0.04381570479073429,0.041103297470829844,2.4875363580610654e-5,0.002737282683485054
2026-06-01,0.0430031395223728,138326,31872,0.035987700803212855,0.042,0.043,0.02,0.034,0.011000000000000001,0.04166061810115409,0.04282418107938199,0.043163353803854825,1.789584429908106e-4,-1.60214281482024e-4
2026-07-01,0.0427203868341416,138719,31516,0.03268181241274273,0.040999999999999995,0.044000000000000004,0.019,0.032,0.01,0.04079933788214677,0.041832013885081155,0.04210903018952022,8.883729490604467e-4,6.113566446213844e-4
2026-08-01,0.0429227621126458,138188,31860,0.03392969240426868,0.040999999999999995,NA,NA,NA,NA,0.04120178795702591,0.041832013885081155,NA,0.0010907482275646432,NA
