industry_name,supersector_name,naics_code,industry_code,industry_display_level,value,naics_primary,matched_prefix,match_level,acs_total_workers,acs_foreign_born,acs_noncitizen,acs_pct_foreign_born,acs_pct_noncitizen,n_acs_codes
Logging,Mining and logging,1133,10113300,5,36.7,1133,1133,4,70607,3819,3499,5.408812157434816,4.955599303185236,1
Oil and gas extraction,Mining and logging,211,10211000,4,116.3,211,211,3,78624,10069,5516,12.806522181522181,7.015669515669516,1
Coal mining,Mining and logging,2121,10212100,5,38.8,2121,2121,4,51020,120,43,0.2352018816150529,0.08428067424539397,1
Metal ore mining,Mining and logging,2122,10212200,5,45.6,2122,2122,4,52913,7214,2962,13.63370060287642,5.59786819874133,1
Nonmetallic mineral mining and quarrying,Mining and logging,2123,10212300,5,102.9,2123,2123,4,98192,9553,6986,9.728898484601597,7.114632556623758,1
Support activities for mining,Mining and logging,213,10213000,4,260.6,213,213,3,332197,53953,30134,16.24126647742153,9.071123459874713,1
Residential building construction,Construction,2361,20236100,5,928.5,2361,23,2,11580357,3061495,2173278,26.436965630679605,18.766934387255937,1
Nonresidential building construction,Construction,2362,20236200,5,937.3,2362,23,2,11580357,3061495,2173278,26.436965630679605,18.766934387255937,1
Utility system construction,Construction,2371,20237100,5,629.3,2371,23,2,11580357,3061495,2173278,26.436965630679605,18.766934387255937,1
Land subdivision,Construction,2372,20237200,5,38.5,2372,23,2,11580357,3061495,2173278,26.436965630679605,18.766934387255937,1
"Highway, street, and bridge construction",Construction,2373,20237300,5,388.8,2373,23,2,11580357,3061495,2173278,26.436965630679605,18.766934387255937,1
Other heavy and civil engineering construction,Construction,2379,20237900,5,145.4,2379,23,2,11580357,3061495,2173278,26.436965630679605,18.766934387255937,1
"Foundation, structure, and building exterior contractors",Construction,2381,20238100,5,972.8,2381,23,2,11580357,3061495,2173278,26.436965630679605,18.766934387255937,1
Building equipment contractors,Construction,2382,20238200,5,2620.6,2382,23,2,11580357,3061495,2173278,26.436965630679605,18.766934387255937,1
Building finishing contractors,Construction,2383,20238300,5,827.4,2383,23,2,11580357,3061495,2173278,26.436965630679605,18.766934387255937,1
Other specialty trade contractors,Construction,2389,20238900,5,822.3,2389,23,2,11580357,3061495,2173278,26.436965630679605,18.766934387255937,1
Sawmills and wood preservation,Durable Goods,3211,31321100,5,82.8,3211,3211,4,132678,17589,13189,13.256907701352146,9.940608088756237,1
"Veneer, plywood, and engineered wood product manufacturing",Durable Goods,3212,31321200,5,79.5,3212,3212,4,30588,3149,1554,10.29488688374526,5.080423695566889,1
Other wood product manufacturing,Durable Goods,3219,31321900,5,230.1,3219,3219,4,259218,48721,35710,18.79537686426097,13.77604950273515,2
Clay product and refractory manufacturing,Durable Goods,3271,31327100,5,32.2,3271,3271,4,58466,7379,4143,12.621010501830124,7.086169739677761,2
Glass and glass product manufacturing,Durable Goods,3272,31327200,5,76,3272,3272,4,144920,21348,11768,14.730886006072316,8.120342257797406,1
Cement and concrete product manufacturing,Durable Goods,3273,31327300,5,213.1,3273,327,3,407612,65255,39001,16.009096886254575,9.568167767386633,5
"Lime, gypsum, and other nonmetallic mineral product manufacturing",Durable Goods,"3274,9",31327900,5,98.3,3274,327,3,407612,65255,39001,16.009096886254575,9.568167767386633,5
Iron and steel mills and ferroalloy manufacturing,Durable Goods,3311,31331100,5,85,3311,331,3,483302,57151,31127,11.825111421016258,6.4404864867101725,4
Steel product manufacturing from purchased steel,Durable Goods,3312,31331200,5,56.8,3312,331,3,483302,57151,31127,11.825111421016258,6.4404864867101725,4
"Alumina, aluminum, and other nonferrous metal production and processing",Durable Goods,"3313,4",31331400,5,120.3,3313,3313,4,65352,10246,5745,15.678173583057903,8.790855673889093,1
Foundries,Durable Goods,3315,31331500,5,101.6,3315,3315,4,70248,8954,6096,12.746270356451427,8.67782712675094,1
Forging and stamping,Durable Goods,3321,31332100,5,86.2,3321,3321,4,38101,5080,3041,13.332983386262828,7.981417810556153,1
Architectural and structural metals manufacturing,Durable Goods,3323,31332300,5,419.9,3323,332,3,1172395,169192,80218,14.431313678410435,6.84223320638522,7
"Boiler, tank, and shipping container manufacturing",Durable Goods,3324,31332400,5,94.5,3324,332,3,1172395,169192,80218,14.431313678410435,6.84223320638522,7
"Hardware, spring, and wire product manufacturing",Durable Goods,"3325,6",31332600,5,61.7,3325,332,3,1172395,169192,80218,14.431313678410435,6.84223320638522,7
"Machine shops; turned product; and screw, nut, and bolt manufacturing",Durable Goods,3327,31332700,5,331.9,3327,3327,4,318391,44255,17547,13.899576307119235,5.511148242255592,1
"Coating, engraving, heat treating, and allied activities",Durable Goods,3328,31332800,5,128.8,3328,3328,4,66541,11191,6195,16.81820231135691,9.310049443200432,1
"Cutlery, handtool, and other fabricated metal product manufacturing",Durable Goods,3329,31332900,5,318.6,3329,3329,4,39984,4305,1218,10.766806722689076,3.046218487394958,1
"Agriculture, construction, and mining machinery manufacturing",Durable Goods,3331,31333100,5,201.2,3331,3331,4,327795,46012,23697,14.036821794109123,7.229213380313916,2
Industrial machinery manufacturing,Durable Goods,3332,31333200,5,127.8,3332,333,3,1407929,215371,104502,15.297007164423773,7.422391327971795,6
Commercial and service industry machinery manufacturing,Durable Goods,3333,31333300,5,83.4,3333,3333,4,75134,15233,7842,20.27444299518194,10.437351931216227,1
"Ventilation, heating, air-conditioning, and commercial refrigeration equipment manufacturing",Durable Goods,3334,31333400,5,147.9,3334,333,3,1407929,215371,104502,15.297007164423773,7.422391327971795,6
Metalworking machinery manufacturing,Durable Goods,3335,31333500,5,149.9,3335,3335,4,107545,11038,5830,10.263610581616996,5.420986563764005,1
"Engine, turbine, and power transmission equipment manufacturing",Durable Goods,3336,31333600,5,93.6,3336,3336,4,60571,9289,4134,15.335721715012134,6.825048290436017,1
Other general purpose machinery manufacturing,Durable Goods,3339,31333900,5,280.7,3339,333,3,1407929,215371,104502,15.297007164423773,7.422391327971795,6
Computer and peripheral equipment manufacturing,Durable Goods,3341,31334100,5,98.7,3341,3341,4,98243,34688,12081,35.3083680262207,12.297059332471525,1
Communications equipment manufacturing,Durable Goods,3342,31334200,5,81.2,3342,334,3,1091710,344908,150519,31.59337186615493,13.787452711800752,4
Semiconductor and other electronic component manufacturing,Durable Goods,3344,31334400,5,368.7,3344,334,3,1091710,344908,150519,31.59337186615493,13.787452711800752,4
"Navigational, measuring, electromedical, and control instruments manufacturing",Durable Goods,3345,31334500,5,411.4,3345,3345,4,182052,37842,13524,20.78636872981346,7.428646760266297,1
Manufacturing and reproducing magnetic and optical media and audio and video equipment manufacturing,Durable Goods,"3343,6",31334600,5,27.3,3343,334,3,1091710,344908,150519,31.59337186615493,13.787452711800752,4
Electric lighting equipment manufacturing,Durable Goods,3351,31335100,5,35.5,3351,335,3,455663,91866,41899,20.16095228271771,9.195172748281076,2
Household appliance manufacturing,Durable Goods,3352,31335200,5,56.6,3352,3352,4,73876,14246,7816,19.2836645189236,10.579890627538036,1
Electrical equipment manufacturing,Durable Goods,3353,31335300,5,166,3353,335,3,455663,91866,41899,20.16095228271771,9.195172748281076,2
Other electrical equipment and component manufacturing,Durable Goods,3359,31335900,5,176.3,3359,335,3,455663,91866,41899,20.16095228271771,9.195172748281076,2
Motor vehicle manufacturing,Durable Goods,3361,31336100,5,287.9,3361,336,3,2770847,441107,184999,15.919572607220825,6.676622707785743,6
Motor vehicle body and trailer manufacturing,Durable Goods,3362,31336200,5,151.8,3362,336,3,2770847,441107,184999,15.919572607220825,6.676622707785743,6
Motor vehicle parts manufacturing,Durable Goods,3363,31336300,5,511.4,3363,336,3,2770847,441107,184999,15.919572607220825,6.676622707785743,6
Aerospace product and parts manufacturing,Durable Goods,3364,31336400,5,579.9,3364,3364,4,1068294,171358,43543,16.040340954830786,4.075937897245515,2
Ship and boat building,Durable Goods,3366,31336600,5,148.5,3366,3366,4,204053,23721,11657,11.62492097641299,5.712731496228921,1
Railroad rolling stock and other transportation equipment manufacturing,Durable Goods,"3365,9",31336900,5,57.5,3365,3365,4,30266,4735,2501,15.644617722857332,8.263397872199828,1
Household and institutional furniture and kitchen cabinet manufacturing,Durable Goods,3371,31337100,5,209.6,3371,337,3,356844,68173,39420,19.10442658416563,11.046843999058412,1
Office furniture (including fixtures) and other furniture related product manufacturing,Durable Goods,3372,31337200,5,124.3,3372,337,3,356844,68173,39420,19.10442658416563,11.046843999058412,1
Medical equipment and supplies manufacturing,Durable Goods,3391,31339100,5,323.5,3391,3391,4,838717,200263,73326,23.877303071238572,8.74263905465133,1
Other miscellaneous manufacturing,Durable Goods,3399,31339900,5,285.9,3399,3399,4,613697,115513,59937,18.822480800786057,9.766546031673611,2
Animal food manufacturing,Nondurable Goods,3111,32311100,5,75.7,3111,311,3,1662423,482900,300114,29.04796192064234,18.05280605477667,9
Grain and oilseed milling,Nondurable Goods,3112,32311200,5,66.1,3112,311,3,1662423,482900,300114,29.04796192064234,18.05280605477667,9
Sugar and confectionery product manufacturing,Nondurable Goods,3113,32311300,5,79.8,3113,3113,4,78534,21060,10624,26.81641072656429,13.52789874449283,1
Fruit and vegetable preserving and specialty food manufacturing,Nondurable Goods,3114,32311400,5,172.9,3114,3114,4,139161,41337,21670,29.70444305516632,15.571891550075092,1
Dairy product manufacturing,Nondurable Goods,3115,32311500,5,169.6,3115,3115,4,154897,30923,15779,19.96358870733455,10.186769272484296,1
Animal slaughtering and processing,Nondurable Goods,3116,32311600,5,568.2,3116,3116,4,436886,155976,108592,35.70176201572035,24.855912068594556,1
Seafood product preparation and packaging,Nondurable Goods,3117,32311700,5,33.4,3117,311,3,1662423,482900,300114,29.04796192064234,18.05280605477667,9
Bakeries and tortilla manufacturing,Nondurable Goods,3118,32311800,5,347.9,3118,3118,4,381547,122076,79805,31.995009789095448,20.916164980985304,2
Other food manufacturing,Nondurable Goods,3119,32311900,5,268.5,3119,311,3,1662423,482900,300114,29.04796192064234,18.05280605477667,9
Textile mills,Nondurable Goods,313,32313000,4,79.8,313,313,3,101021,23163,13534,22.928895972124607,13.397214440561864,3
Textile furnishings mills,Nondurable Goods,3141,32314100,5,36.9,3141,3141,4,33334,7569,4605,22.706545869082618,13.81472370552589,1
Other textile product mills,Nondurable Goods,3149,32314900,5,57.2,3149,314,3,102418,25570,15248,24.966314515026657,14.88800796734949,2
Apparel manufacturing,Nondurable Goods,315,32315000,4,73.8,315,315,3,159419,60106,32630,37.7031595982913,20.468074696240723,1
"Pulp, paper, and paperboard mills",Nondurable Goods,3221,32322100,5,82.5,3221,3221,4,187845,18651,8760,9.928930767388005,4.6634193084724105,1
Converted paper product manufacturing,Nondurable Goods,3222,32322200,5,272.9,3222,3222,4,158510,26689,14692,16.837423506403383,9.268815847580594,2
Printing and related support activities,Nondurable Goods,323,32323000,4,340.8,323,323,3,420633,78275,34078,18.608858553656038,8.101599256358869,1
Petroleum and coal products manufacturing,Nondurable Goods,324,32324000,4,108.8,324,324,3,204493,31432,14868,15.370697285481654,7.2706645215239645,2
Basic chemical manufacturing,Nondurable Goods,3251,32325100,5,152.5,3251,325,3,1584118,331256,144133,20.911068493634943,9.098627753740567,6
"Resin, synthetic rubber, and artificial and synthetic fibers and filaments manufacturing",Nondurable Goods,3252,32325200,5,93,3252,3252,4,173074,36301,21283,20.97426534314802,12.297052127991495,1
"Pesticide, fertilizer, and other agricultural chemical manufacturing",Nondurable Goods,3253,32325300,5,38.9,3253,3253,4,40360,3674,1960,9.103072348860259,4.856293359762141,1
Pharmaceutical and medicine manufacturing,Nondurable Goods,3254,32325400,5,357.6,3254,3254,4,704751,187783,69244,26.645297417101926,9.825314188983059,1
"Paint, coating, and adhesive manufacturing",Nondurable Goods,3255,32325500,5,65,3255,3255,4,81714,13027,6279,15.942188609051081,7.684117776635582,1
"Soap, cleaning compound, and toilet preparation manufacturing",Nondurable Goods,3256,32325600,5,113,3256,3256,4,148885,34827,18632,23.39187963864728,12.514356718272493,1
Other chemical product and preparation manufacturing,Nondurable Goods,3259,32325900,5,78.4,3259,325,3,1584118,331256,144133,20.911068493634943,9.098627753740567,6
Plastics product manufacturing,Nondurable Goods,3261,32326100,5,570.6,3261,3261,4,357582,62935,32937,17.60015884468458,9.211034112455325,1
Rubber product manufacturing,Nondurable Goods,3262,32326200,5,123.5,3262,3262,4,142704,16792,9314,11.767014239264492,6.526796726090368,2
Beverage manufacturing,Nondurable Goods,3121,32329100,5,311.9,3121,3121,4,328123,48859,24052,14.890452665616246,7.330178012513599,1
Other miscellaneous nondurable goods manufacturing,Nondurable Goods,"3122,60",32329900,5,35.3,3122,3122,4,14704,1275,726,8.671109902067464,4.937431991294885,1
Motor vehicle and motor vehicle parts and supplies merchant wholesalers,Wholesale trade,4231,41423100,5,370.9,4231,4231,4,195288,33764,16289,17.28933677440498,8.341014296833395,1
Furniture and home furnishing merchant wholesalers,Wholesale trade,4232,41423200,5,99.2,4232,4232,4,67544,14534,6868,21.517825417505627,10.168186663508232,1
Lumber and other construction materials merchant wholesalers,Wholesale trade,4233,41423300,5,264.8,4233,4233,4,152876,21881,9965,14.312907192757528,6.518354745022109,1
Professional and commercial equipment and supplies merchant wholesalers,Wholesale trade,4234,41423400,5,734,4234,4234,4,231602,35402,15621,15.285705650210273,6.74476040794121,1
Metal and mineral (except petroleum) merchant wholesalers,Wholesale trade,4235,41423500,5,136.9,4235,4235,4,52247,6440,3370,12.326066568415412,6.450131108006202,1
Household appliances and electrical and electronic goods merchant wholesalers,Wholesale trade,4236,41423600,5,374.3,4236,4236,4,170846,29865,14125,17.48065509289067,8.267679664727298,1
"Hardware, and plumbing and heating equipment and supplies merchant wholesalers",Wholesale trade,4237,41423700,5,321.8,4237,4237,4,190790,21903,6948,11.480161434037424,3.641700298757797,1
"Machinery, equipment, and supplies merchant wholesalers",Wholesale trade,4238,41423800,5,775,4238,4238,4,372682,44500,19679,11.940474721075878,5.280373079461847,1
Miscellaneous durable goods merchant wholesalers,Wholesale trade,4239,41423900,5,323,4239,4239,4,146655,28987,13789,19.765435886945554,9.402338822406328,2
Paper and paper product merchant wholesalers,Wholesale trade,4241,41424100,5,108.3,4241,4241,4,37332,5521,2141,14.78892103289403,5.735026250937533,1
Drugs and druggists' sundries merchant wholesalers,Wholesale trade,4242,41424200,5,270.1,4242,424,3,1478328,333929,178130,22.588288931820273,12.049423402654892,9
"Apparel, piece goods, and notions merchant wholesalers",Wholesale trade,4243,41424300,5,137.4,4243,4243,4,104172,35999,18467,34.55727066774181,17.72741235648735,1
Grocery and related product merchant wholesalers,Wholesale trade,4244,41424400,5,830.8,4244,4244,4,731709,193127,112398,26.39396262721929,15.36102466964326,1
Farm product raw material merchant wholesalers,Wholesale trade,4245,41424500,5,73.7,4245,4245,4,52801,5802,2413,10.988428249464972,4.56998920474991,1
Chemical and allied products merchant wholesalers,Wholesale trade,4246,41424600,5,151.2,4246,424,3,1478328,333929,178130,22.588288931820273,12.049423402654892,9
Petroleum and petroleum products merchant wholesalers,Wholesale trade,4247,41424700,5,103.3,4247,4247,4,91888,12069,4930,13.134468048058507,5.365227233153404,1
"Beer, wine, and distilled alcoholic beverage merchant wholesalers",Wholesale trade,4248,41424800,5,210.4,4248,4248,4,111758,12356,6157,11.056031782959609,5.509225290359527,1
Miscellaneous nondurable goods merchant wholesalers,Wholesale trade,4249,41424900,5,325.9,4249,4249,4,179886,37869,19095,21.051666055168273,10.615056202261432,2
Wholesale trade agents and brokers,Wholesale trade,425,41425000,4,441.2,425,425,3,60732,15699,5025,25.84963445959297,8.274056510571032,1
Automobile dealers,Retail trade,4411,42441100,5,1293.1,4411,4411,4,1251590,167442,78206,13.378342748024513,6.248531867464585,1
Other motor vehicle dealers,Retail trade,4412,42441200,5,160.7,4412,4412,4,179883,10884,4844,6.050599556378312,2.692861471067305,1
"Automotive parts, accessories, and tire retailers",Retail trade,4413,42441300,5,600.1,4413,4413,4,500255,57687,28786,11.531518925348072,5.754265324684411,1
Building material and supplies dealers,Retail trade,4441,42444100,5,1166.9,4441,4441,4,1376763,140318,62567,10.191877614375167,4.544500396945589,2
Lawn and garden equipment and supplies retailers,Retail trade,4442,42444200,5,184.4,4442,4442,4,291364,18585,8645,6.378619184250628,2.9670789802446427,1
Grocery and convenience retailers,Retail trade,4451,42445100,5,2846.1,4451,4451,4,3146063,526431,260426,16.733008843115986,8.277838047108402,2
Specialty food retailers,Retail trade,4452,42445200,5,236.4,4452,4452,4,248917,58918,36024,23.66973730199223,14.472293977510574,1
"Beer, wine, and liquor retailers",Retail trade,4453,42445300,5,168.4,4453,4453,4,194492,30075,12952,15.463360960862143,6.659399872488328,1
Furniture and home furnishings retailers,Retail trade,4491,42449100,5,388.8,4491,4491,4,495556,73344,34103,14.800345470542178,6.881765128461768,1
Electronics and appliance retailers,Retail trade,4492,42449200,5,368.2,4492,4492,4,519863,75390,31684,14.50189761533327,6.0946826375410446,1
Department stores,Retail trade,4551,42455100,5,932.9,4551,4551,4,330913,70868,27339,21.41590085611626,8.26168811742059,1
"Warehouse clubs, supercenters, and other general merchandise retailers",Retail trade,4552,42455200,5,2299.1,4552,4552,4,3272846,564588,288293,17.250674183875443,8.808633220139292,1
Health and personal care retailers,Retail trade,456,42456000,4,1044.4,456,456,3,1519284,254942,87270,16.780404453676866,5.744153166886507,2
Gasoline stations,Retail trade,4571,42457100,5,991.2,4571,4571,4,523899,89387,37855,17.061876430380664,7.225629367492589,1
Fuel dealers,Retail trade,4572,42457200,5,69.4,4572,4572,4,85565,7118,1833,8.318821948226494,2.142231052416292,1
Clothing and clothing accessories retailers,Retail trade,4581,42458100,5,843.6,4581,4581,4,911186,161749,81095,17.751479939331816,8.899939200119404,1
Shoe retailers,Retail trade,4582,42458200,5,171.7,4582,4582,4,151098,15116,7445,10.004103297197844,4.927265748057552,1
"Jewelry, luggage, and leather goods retailers",Retail trade,4583,42458300,5,128.2,4583,4583,4,186275,44278,17184,23.770232183599514,9.225070460340893,1
"Sporting goods, hobby, and musical instrument retailers",Retail trade,4591,42459100,5,496.4,4591,4591,4,571932,48951,22020,8.558884622647447,3.8501080548037176,3
Book retailers and news dealers,Retail trade,4592,42459200,5,70.2,4592,4592,4,93747,10142,3606,10.818479524678123,3.8465230887388393,1
Florists,Retail trade,4593,42459300,5,54.3,4593,4593,4,93786,19660,11607,20.962617021730324,12.376047597722474,1
"Office supplies, stationery, and gift retailers",Retail trade,4594,42459400,5,189.8,4594,4594,4,262103,37330,16307,14.242492455256139,6.221599905380709,2
Used merchandise retailers,Retail trade,4595,42459500,5,216.7,4595,4595,4,303906,38157,20144,12.555527037965685,6.628365349812112,1
Other miscellaneous retailers,Retail trade,4599,42459900,5,492.8,4599,4599,4,680690,82283,36716,12.088175233953782,5.393938503577252,1
Scheduled air transportation,Transportation and warehousing,4811,43481100,5,517.8,4811,481,3,745672,150211,47112,20.14437983456533,6.318059414863371,1
Nonscheduled air transportation,Transportation and warehousing,4812,43481200,5,56.3,4812,481,3,745672,150211,47112,20.14437983456533,6.318059414863371,1
Rail transportation,Transportation and warehousing,482,43482000,4,150.4,482,482,3,239641,17998,7504,7.510400974791459,3.1313506453403215,1
Water transportation,Transportation and warehousing,483,43483000,4,71.4,483,483,3,90759,16959,5549,18.68575017353651,6.113994204431517,1
General freight trucking,Transportation and warehousing,4841,43484100,5,1017.4,4841,484,3,1948887,462829,208745,23.748375354753765,10.710985295709808,1
Specialized freight trucking,Transportation and warehousing,4842,43484200,5,445.2,4842,484,3,1948887,462829,208745,23.748375354753765,10.710985295709808,1
Taxi and limousine service,Transportation and warehousing,4853,43485300,5,78.9,4853,4853,4,570391,317629,148841,55.68618719439823,26.094556190402724,1
School and employee bus transportation,Transportation and warehousing,4854,43485400,5,208.3,4854,485,3,1112591,434599,174169,39.06188347739645,15.654359957971979,2
"Urban transit systems and interurban, rural, and charter bus transportation",Transportation and warehousing,"4851,2,5",43485500,5,89.6,4851,485,3,1112591,434599,174169,39.06188347739645,15.654359957971979,2
Other transit and ground passenger transportation,Transportation and warehousing,4859,43485900,5,117.1,4859,485,3,1112591,434599,174169,39.06188347739645,15.654359957971979,2
Pipeline transportation,Transportation and warehousing,486,43486000,4,55.9,486,486,3,51657,4650,2616,9.001684186073524,5.064173296939427,1
Scenic and sightseeing transportation,Transportation and warehousing,487,43487000,4,34,487,487,3,46833,5408,2462,11.547413148848035,5.256976917985182,1
Support activities for air transportation,Transportation and warehousing,4881,43488100,5,270.9,4881,488,3,904651,211572,94255,23.38714045526949,10.418935036826356,1
Support activities for water transportation,Transportation and warehousing,4883,43488300,5,93.9,4883,488,3,904651,211572,94255,23.38714045526949,10.418935036826356,1
Support activities for road transportation,Transportation and warehousing,4884,43488400,5,109.5,4884,488,3,904651,211572,94255,23.38714045526949,10.418935036826356,1
Freight transportation arrangement,Transportation and warehousing,4885,43488500,5,261.2,4885,488,3,904651,211572,94255,23.38714045526949,10.418935036826356,1
"Other support activities for transportation, including rail",Transportation and warehousing,"4882,9",43488900,5,87.9,4882,488,3,904651,211572,94255,23.38714045526949,10.418935036826356,1
Couriers and express delivery services,Transportation and warehousing,4921,43492100,5,821.3,4921,492,3,1499422,296264,167208,19.75854696009529,11.151497043527439,1
Local messengers and delivery and private postal service,Transportation and warehousing,"49111,221",43492200,6,211.6,49111,491,3,689975,97523,16128,14.134280227544476,2.337475995507084,1
Warehousing and storage,Transportation and warehousing,493,43493000,4,1831.5,493,493,3,1085861,257235,160695,23.689496169399213,14.798855470451558,1
"Electric power generation, transmission and distribution",Utilities,2211,44221100,5,425.7,2211,2211,4,816452,84014,33250,10.290133406495421,4.072499056894955,1
Natural gas distribution,Utilities,2212,44221200,5,116.9,2212,2212,4,134390,10744,4625,7.9946424585162585,3.441476300319964,1
"Water, sewage, and other systems",Utilities,2213,44221300,5,63.7,2213,2213,4,402087,35637,13137,8.863007259622917,3.2672033664356217,2
Motion picture and sound recording industries,Information,512,50512000,4,338.5,512,512,3,549566,64007,28660,11.646826768759349,5.215024219111081,2
"Newspaper, periodical, book, and directory publishers",Information,5131,50513100,5,241.6,5131,5131,4,260304,27381,9581,10.518854877374146,3.6806964164976335,2
Software publishers,Information,5132,50513200,5,658.6,5132,5132,4,178317,42017,21494,23.563092694471084,12.05381427457842,1
Radio and television broadcasting stations,Information,5161,50516100,5,105.7,5161,516,3,619054,105811,48506,17.092369970955684,7.83550384942186,1
"Media streaming distribution services, social networks, and other media networks and content providers",Information,5162,50516200,5,227.8,5162,516,3,619054,105811,48506,17.092369970955684,7.83550384942186,1
Wired and wireless telecommunications (except satellite),Information,5171,50517100,5,520.7,5171,5171,4,436092,68818,25861,15.780615099566148,5.930170697926126,1
All other telecommunications,Information,"5174,8",50517800,5,55.6,5174,517,3,792108,128630,48157,16.238947214268762,6.079600256530675,2
"Computing infrastructure providers, data processing, web hosting, and related services",Information,518,50518000,4,464.1,518,518,3,250713,60368,35557,24.078528038035525,14.18235193228911,1
"Web search portals, libraries, archives, and other information services",Information,519,50519000,4,179.4,519,519,3,406398,76943,40247,18.93291797695855,9.90334598103337,2
Monetary authorities-central bank,Financial activities,521,55521000,4,18.9,521,52,2,7961810,1211792,424305,15.220056745890695,5.32925302161192,6
Depository credit intermediation,Financial activities,5221,55522100,5,1777.9,5221,5221,4,394851,39993,13364,10.128630799972647,3.3845678496445495,1
Nondepository credit intermediation,Financial activities,5222,55522200,5,494,5222,522,3,1498412,242211,91685,16.164512830916998,6.118811114700096,2
Activities related to credit intermediation,Financial activities,5223,55522300,5,273.3,5223,522,3,1498412,242211,91685,16.164512830916998,6.118811114700096,2
"Securities and commodity contracts brokerage, intermediation, and exchanges",Financial activities,"5231,2",55523200,5,492.1,5231,52,2,7961810,1211792,424305,15.220056745890695,5.32925302161192,6
"Funds, trusts, and other financial vehicles and investment activities",Financial activities,"5239,50",55523900,5,672.9,5239,52,2,7961810,1211792,424305,15.220056745890695,5.32925302161192,6
Insurance carriers,Financial activities,5241,55524100,5,1597.7,5241,5241,4,1830117,231891,72575,12.670829242064851,3.9655934565932123,1
"Agencies, brokerages, and other insurance related activities",Financial activities,5242,55524200,5,1378.6,5242,5242,4,1208468,136586,44123,11.30240933148416,3.651151706127097,1
Lessors of real estate,Financial activities,5311,55531100,5,622,5311,531,3,2595712,431213,149723,16.612513252625867,5.768089834311357,2
Offices of real estate agents and brokers,Financial activities,5312,55531200,5,381.7,5312,531,3,2595712,431213,149723,16.612513252625867,5.768089834311357,2
Activities related to real estate,Financial activities,5313,55531300,5,851.6,5313,5313,4,516988,91037,33149,17.609112784049145,6.411947666096698,1
Automotive equipment rental and leasing,Financial activities,5321,55532100,5,209.4,5321,5321,4,190104,25973,11074,13.662521567142196,5.825232504313428,1
Consumer goods rental,Financial activities,5322,55532200,5,123.4,5322,532,3,272899,41127,20696,15.070410664751426,7.583758093653696,2
General rental centers,Financial activities,5323,55532300,5,29.4,5323,532,3,272899,41127,20696,15.070410664751426,7.583758093653696,2
Commercial and industrial machinery and equipment rental and leasing,Financial activities,5324,55532400,5,204.8,5324,532,3,272899,41127,20696,15.070410664751426,7.583758093653696,2
Lessors of nonfinancial intangible assets (except copyrighted works),Financial activities,533,55533000,4,21.5,533,53,2,2990601,484305,174390,16.1942365430895,5.8312693669265805,5
Legal services,Professional and business services,5411,60541100,5,1233.8,5411,5411,4,1739494,188811,55870,10.854363395332205,3.211853562012861,1
"Accounting, tax preparation, bookkeeping, and payroll services",Professional and business services,5412,60541200,5,1128.4,5412,5412,4,1302361,207393,69137,15.924386556415618,5.308589553894811,1
"Architectural, engineering, and related services",Professional and business services,5413,60541300,5,1753.4,5413,5413,4,1883076,281726,98018,14.960946876281147,5.205206799937974,1
Specialized design services,Professional and business services,5414,60541400,5,149,5414,5414,4,393026,61035,26187,15.529506953738428,6.662917974892246,1
Computer systems design and related services,Professional and business services,5415,60541500,5,2381.3,5415,5415,4,4044236,1085260,557081,26.8347346692923,13.77469069559739,1
"Management, scientific, and technical consulting services",Professional and business services,5416,60541600,5,1873.5,5416,5416,4,2312026,403380,164494,17.447035630222153,7.114712377801979,1
Scientific research and development services,Professional and business services,5417,60541700,5,912.3,5417,5417,4,935046,210638,98984,22.527020061045125,10.586003255454813,1
"Advertising, public relations, and related services",Professional and business services,5418,60541800,5,479.1,5418,5418,4,657348,82385,35435,12.532935370610392,5.390599804061167,1
"Other professional, scientific, and technical services",Professional and business services,5419,60541900,5,892.8,5419,5419,4,1064516,128104,50291,12.034013579880435,4.724306633249289,2
Management of companies and enterprises,Professional and business services,55,60550000,3,2617.7,55,55,2,186481,35759,13094,19.175680096095583,7.021626868152787,1
Office administrative services,Professional and business services,5611,60561100,5,620,5611,561,3,6507166,1766808,1127592,27.15172780285611,17.328465264294778,7
Facilities support services,Professional and business services,5612,60561200,5,182.4,5612,561,3,6507166,1766808,1127592,27.15172780285611,17.328465264294778,7
Employment services,Professional and business services,5613,60561300,5,3173.7,5613,5613,4,830432,155161,85856,18.684371507841703,10.33871527108782,1
Business support services,Professional and business services,5614,60561400,5,629,5614,5614,4,873834,129201,60319,14.78553134805924,6.902798472021002,1
Travel arrangement and reservation services,Professional and business services,5615,60561500,5,180.4,5615,5615,4,367829,69902,23445,19.003939330504117,6.373885691449016,1
Investigation and security services,Professional and business services,5616,60561600,5,1043.7,5616,5616,4,931625,137405,49216,14.748960150275057,5.282812290352878,1
Services to buildings and dwellings,Professional and business services,5617,60561700,5,2305,5617,5617,4,3034981,1196460,877907,39.42232257796672,28.926276638964133,2
Other support services,Professional and business services,5619,60561900,5,334.7,5619,561,3,6507166,1766808,1127592,27.15172780285611,17.328465264294778,7
Waste collection,Professional and business services,5621,60562100,5,226.6,5621,562,3,571283,97223,52752,17.01836042731886,9.233952349361,1
Waste treatment and disposal,Professional and business services,5622,60562200,5,108.9,5622,562,3,571283,97223,52752,17.01836042731886,9.233952349361,1
Remediation and other waste management services,Professional and business services,5629,60562900,5,189.3,5629,562,3,571283,97223,52752,17.01836042731886,9.233952349361,1
Private elementary and secondary schools,Private education and health services,6111,65611100,5,1257.9,6111,6111,4,10186802,1090977,346694,10.709710466542885,3.403364471008664,1
"Private junior colleges, colleges, universities, and professional schools",Private education and health services,"6112,3",65611300,5,1801.4,6112,611,3,16019122,2162265,883062,13.498024423560793,5.512549314500507,4
Private business schools and computer and management training,Private education and health services,6114,65611400,5,82.3,6114,611,3,16019122,2162265,883062,13.498024423560793,5.512549314500507,4
Private technical and trade schools,Private education and health services,6115,65611500,5,124.2,6115,611,3,16019122,2162265,883062,13.498024423560793,5.512549314500507,4
Other private schools and instruction,Private education and health services,6116,65611600,5,546,6116,611,3,16019122,2162265,883062,13.498024423560793,5.512549314500507,4
Private educational support services,Private education and health services,6117,65611700,5,222,6117,611,3,16019122,2162265,883062,13.498024423560793,5.512549314500507,4
Offices of physicians,Private education and health services,6211,65621100,5,3012.9,6211,6211,4,1786883,250790,57101,14.035054337637105,3.1955645669022537,1
Offices of dentists,Private education and health services,6212,65621200,5,1055.7,6212,6212,4,1063536,176117,50917,16.559571091152534,4.787520121556769,1
Offices of other health practitioners,Private education and health services,6213,65621300,5,1331.9,6213,6213,4,845838,103077,30602,12.18637611457513,3.6179504822436446,3
Outpatient care centers,Private education and health services,6214,65621400,5,1193.8,6214,6214,4,2568927,344905,101311,13.42603351516022,3.94370879359359,1
Medical and diagnostic laboratories,Private education and health services,6215,65621500,5,308.2,6215,621,3,9334085,1558497,489278,16.696837451126704,5.241842130214156,8
Home health care services,Private education and health services,6216,65621600,5,1847.8,6216,6216,4,1463937,395997,159883,27.050139452722348,10.92143992535198,1
Other ambulatory health care services,Private education and health services,6219,65621900,5,373.5,6219,621,3,9334085,1558497,489278,16.696837451126704,5.241842130214156,8
General medical and surgical hospitals,Private education and health services,6221,65622100,5,5274.3,6221,622,3,8236855,1386727,368277,16.835636902677052,4.471087569223934,2
Psychiatric and substance abuse hospitals,Private education and health services,6222,65622200,5,145.5,6222,6222,4,104019,12738,1582,12.245839702362069,1.5208759938088234,1
"Specialty, except psychiatric and substance abuse, hospitals",Private education and health services,6223,65622300,5,324.6,6223,622,3,8236855,1386727,368277,16.835636902677052,4.471087569223934,2
Skilled nursing care facilities,Private education and health services,6231,65623100,5,1575.1,6231,6231,4,1487464,283347,91592,19.04899883291293,6.157594402284694,1
"Residential intellectual and developmental disability, mental health, and substance abuse facilities",Private education and health services,6232,65623200,5,703.2,6232,623,3,2486957,462550,156407,18.599034884800982,6.289091447901994,2
Continuing care retirement communities and assisted living facilities for the elderly,Private education and health services,6233,65623300,5,1013.4,6233,623,3,2486957,462550,156407,18.599034884800982,6.289091447901994,2
Other residential care facilities,Private education and health services,6239,65623900,5,170.8,6239,623,3,2486957,462550,156407,18.599034884800982,6.289091447901994,2
Individual and family services,Private education and health services,6241,65624100,5,3721.3,6241,6241,4,1940379,405377,137745,20.891640241416752,7.098870890686819,1
"Community food and housing, and emergency and other relief services",Private education and health services,6242,65624200,5,236,6242,6242,4,200190,24816,8364,12.396223587591788,4.178030870672861,1
Vocational rehabilitation services,Private education and health services,6243,65624300,5,279.3,6243,6243,4,87416,7575,1711,8.665461700375216,1.9573075867118146,1
Child care services,Private education and health services,6244,65624400,5,1098.8,6244,6244,4,1573664,284451,132990,18.075713748296966,8.450978099518068,1
Performing arts companies,Leisure and hospitality,7111,70711100,5,148.3,7111,7111,4,179024,25800,12705,14.411475556349988,7.096813835016534,1
Spectator sports,Leisure and hospitality,7112,70711200,5,187.7,7112,7112,4,158886,19507,9654,12.27735609178908,6.076054529662777,1
Arts and sports promoters and agents and managers for public figures,Leisure and hospitality,"7113,4",70711300,5,212.8,7113,711,3,876426,117931,55244,13.455899300112046,6.303327377325639,4
"Independent artists, writers, and performers",Leisure and hospitality,7115,70711500,5,57.7,7115,7115,4,382717,51758,23158,13.523830924678027,6.050946260552836,1
"Museums, historical sites, and similar institutions",Leisure and hospitality,712,70712000,4,181.3,712,712,3,494672,41764,17963,8.442766115729212,3.631295080376492,1
Amusement parks and arcades,Leisure and hospitality,7131,70713100,5,230,7131,713,3,2376957,304250,131080,12.799979132983896,5.514613852922034,2
Gambling industries,Leisure and hospitality,7132,70713200,5,129.8,7132,713,3,2376957,304250,131080,12.799979132983896,5.514613852922034,2
Other amusement and recreation industries,Leisure and hospitality,7139,70713900,5,1534.5,7139,7139,4,39050,898,749,2.2996158770806656,1.918053777208707,1
Traveler accommodation,Leisure and hospitality,7211,70721100,5,1847.6,7211,7211,4,1291007,439419,235961,34.036918467521865,18.27728277228551,1
Recreational vehicle (RV) parks and recreational camps,Leisure and hospitality,7212,70721200,5,78.2,7212,721,3,1407075,448445,240849,31.870724730380402,17.116998027823676,2
Special food services,Leisure and hospitality,7223,70722300,5,763,7223,722,3,9760808,2019367,1329269,20.688522917365038,13.618431998662405,2
"Drinking places, alcoholic beverages",Leisure and hospitality,7224,70722400,5,417.5,7224,7224,4,206551,19961,12142,9.663957085659233,5.878451326790962,1
Restaurants and other eating places,Leisure and hospitality,7225,70722500,5,11160.6,7225,722,3,9760808,2019367,1329269,20.688522917365038,13.618431998662405,2
Automotive repair and maintenance,Other services,8111,80811100,5,1042.6,8111,8111,4,1544158,309954,197403,20.072686862354757,12.78386020083437,2
Electronic and precision equipment repair and maintenance,Other services,8112,80811200,5,98.9,8112,8112,4,75915,17469,8239,23.011262596324837,10.852927616413094,1
Commercial and industrial machinery and equipment (except automotive and electronic) repair and maintenance,Other services,8113,80811300,5,252,8113,8113,4,303359,54458,37689,17.951667825909237,12.423893802392545,1
Personal and household goods repair and maintenance,Other services,8114,80811400,5,85.2,8114,8114,4,151662,34848,16810,22.97741029394311,11.083857525286492,1
Personal care services,Other services,8121,80812100,5,771,8121,8121,4,1776284,498109,191816,28.042193703259166,10.79872362752803,3
Death care services,Other services,8122,80812200,5,139.4,8122,8122,4,142733,12920,5440,9.051866071616233,3.811312030154204,1
Drycleaning and laundry services,Other services,8123,80812300,5,260.2,8123,8123,4,219522,85380,49286,38.89359608604149,22.451508277074737,1
Other personal services,Other services,8129,80812900,5,435,8129,8129,4,619413,93216,47795,15.049086796692999,7.716176444472428,1
Grantmaking and giving services,Other services,8132,80813200,5,214,8132,813,3,2577571,323527,116667,12.551623214258695,4.526238074528306,4
Social advocacy organizations,Other services,8133,80813300,5,282.2,8133,813,3,2577571,323527,116667,12.551623214258695,4.526238074528306,4
Civic and social organizations,Other services,8134,80813400,5,370.6,8134,813,3,2577571,323527,116667,12.551623214258695,4.526238074528306,4
"Business, professional, labor, political, and similar organizations",Other services,8139,80813900,5,474,8139,8139,4,261400,31270,11084,11.962509563886764,4.240244835501147,2
